apls_count,atss_count,bloc_count,bloc_count_relative,cloc_count,cloc_count_relative,dpt_count,etp_count,file,loc_count,nbeh_count,nbeh_count_relative,nbl_count,ncd_count,ncmd_count,nco_count,ndk_count,ndk_count_occurrences,ndm_count,ndm_count_occurrences,nemd_count,nemd_count_relative,nfl_count,nfmd_count,nfmd_count_relative,nicd_count,nierr_count,nimpp_count,nimpr_count,nimpt_count,ninc_count,nincr_count,ninct_count,nincv_count,niu_count,nkeys_count,nlk_count,nlo_count,nlp_count,nmd_count,nmo_count,nnnv_count,nnnv_count_relative,nnwv_count,nnwv_count_relative,npl_count,npnn_count,npnn_count_relative,npun_count,npun_count_relative,npvr_count,nrgv_count,nrl_count,nrvr_count,nscm_count,nsh_count,ntkn_count,ntnn_count,ntnn_count_relative,nts_count,ntun_count,ntun_count_relative,ntvr_count,nun_count,nun_count_relative,nvr_count,y
,4,0,0,0,0,2,-5.99,iiab__iiab__7f7436a99024a735e9e281daa6a2867ae2229686__roles_iiab-admin_tasks_main.yml,33,0,0,0,11,0,4,0,0,0,0,1,0.12,0,0,0,0,0,0,0,0,2,0,0,0,,25,0,7,1,5,0,5,1,0,0,,,,,,,,,,0,0,116,2,0.29,7,5,0.71,5,5,1,,1
,10,0,0,0,0,2,-5.34,ceph__ceph-ansible__37f46a8c5de9585c2639cc4741ee8f62bc2c854b__roles_ceph-rgw_tasks_docker_start_docker_rgw.yml,29,0,0,0,6,0,0,0,0,0,0,2,0.4,0,0,0,0,0,0,0,0,0,0,0,0,,26,0,0,2,3,0,3,0.75,1,0.25,,,,,,,,,,0,0,78,0,0,3,3,1,5,4,1,,1
,8,0,0,0,0,2,-6.21,roots__trellis__5b50d799b34ed5f6bda72bb86a4927d9b44ca9c2__roles_wordpress-install_tasks_main.yml,63,0,0,0,28,6,1,1,5,0,0,7,0.47,13,0,0,0,0,0,0,0,1,0,0,0,,49,0,4,7,3,0,7,1,0,0,,,,,,,,,,0,0,299,1,0.12,8,7,0.88,17,7,1,,1
,16,0,0,0,0,2,-5.33,debops__debops__a34cdcaab6ca9e5154ab64116a75ed03c1cbd331__ansible_roles_debops.users_tasks_resources.yml,62,0,0,0,57,0,4,0,0,0,0,4,0.5,21,0,0,0,0,0,0,0,0,0,0,0,,46,0,17,4,2,0,4,1,0,0,,,,,,,,,,0,0,272,0,0,4,4,1,15,4,1,,1
,4,0,0,0,0,2,-5.5,roots__trellis__790265fdf6eca378828e9afbe3b823eb5dc09f11__roles_composer_tasks_main.yml,17,0,0,0,2,2,1,0,0,0,0,0,0,0,0,0,0,0,0,0,0,0,0,0,0,,17,0,0,0,4,0,5,1,0,0,,,,,,,,,,0,0,66,0,0,5,5,1,2,5,1,,1
,6,0,0,2,0.06,2,-5.89,EMCECS__ECS-CommunityEdition__4d2adf16d7b306d2ed56d6dd818aa92dba407e4a__ui_ansible_roles_common_sync_caches_by_torrent_tasks_main.yml,35,0,0,0,11,0,8,1,1,0,0,0,0,0,0,0,0,0,0,0,0,0,0,0,1,,35,0,4,0,5,0,5,1,0,0,,,,,,,,,,0,1,126,1,0.17,6,5,0.83,5,5,1,,1
,6,0,0,0,0,2,-5.41,nginxinc__ansible-role-nginx__532231609901be970493e6906a78ec5582249538__tasks_conf_push-config.yml,48,0,0,0,13,0,0,0,0,0,0,2,0.2,0,0,0,0,0,0,0,0,0,0,0,0,,46,0,0,2,3,0,8,1,0,0,,,,,,,,,,0,0,167,0,0,8,8,1,5,8,1,,1
,7,0,0,1,0.02,2,-6.01,RocketChat__Rocket.Chat.Ansible__516df17d92863fa3f24a560c1fd7d336b2272a83__tasks_nginx.yml,60,0,0,0,21,0,4,1,2,0,0,2,0.2,0,0,0,0,0,0,0,0,0,0,0,0,,52,0,4,2,5,0,10,1,0,0,,,,,,,,,,0,3,222,0,0,8,8,1,10,8,0.8,,1
,7,0,0,0,0,2,-5.92,geerlingguy__drupal-vm__3c3dd93d7c9523aacc6a74d12105ce97a30de3d8__provisioning_roles_geerlingguy.ruby_tasks_install-from-source.yml,53,0,0,0,12,1,3,0,0,0,0,4,0.36,0,0,0,0,0,0,0,0,0,0,0,0,,30,0,0,4,6,0,7,1,0,0,,,,,,,,,,0,0,133,0,0,7,7,1,4,7,1,,1
,6,0,0,10,0.1,2,-5.97,New-Edge-Engineering__ansible-rundeck__7fdc49175f7ad5cf9465727d7f9a8f9b05aa775c__tasks_main.yml,96,0,0,0,15,0,10,0,0,0,0,1,0.06,1,0,0,0,0,0,0,0,8,0,0,0,,74,0,0,1,6,0,10,1,0,0,,,,,,,,,,0,0,244,8,0.5,16,8,0.5,5,10,1,,1
,8,0,0,4,0.05,3,-7.1,dev-sec__ansible-ssh-hardening__4ba86e1d75500d72a1c6fd14dd7b11ce4c3691b5__tasks_main.yml,84,0,0,1,33,1,12,0,0,0,0,2,0.15,0,0,0,0,0,0,0,0,0,0,0,1,,75,0,6,3,5,0,20,1,0,0,,,,,,,,,,0,3,412,1,0.08,12,6,0.5,13,15,0.75,,1
,5,0,0,21,0.49,2,-6.19,EMCECS__ECS-CommunityEdition__9a0b67c823e5f4e41deb12b4f67d5186f4c1e01c__ui_ansible_roles_CentOS_7_baseline_install_tasks_main.yml,43,0,0,0,18,0,15,1,1,0,0,2,0.18,0,0,0,0,0,0,0,0,0,0,0,1,,35,0,10,2,6,0,8,1,0,0,,,,,,,,,,2,1,221,1,0.11,9,8,0.89,5,8,1,,1
,7,0,0,1,0.01,2,-6.61,debops__debops__f95f971b038d098af6edcaf805dfc48345c3d1b6__ansible_roles_debops.proc_hidepid_tasks_main.yml,94,0,0,0,30,2,7,0,0,0,0,1,0.08,1,0,0,2,0,0,0,0,0,0,0,0,,88,0,10,1,8,0,15,0.88,2,0.12,,,,,,,,,,0,0,306,0,0,14,12,0.86,11,15,0.88,,1
,8,0,0,1,0.04,2,-4.54,New-Edge-Engineering__ansible-rundeck__7fdc49175f7ad5cf9465727d7f9a8f9b05aa775c__tasks_install_redhat.yml,23,0,0,0,0,0,0,0,0,0,0,0,0,0,0,0,0,0,0,0,0,0,0,0,0,,16,0,0,0,2,0,5,1,0,0,,,,,,,,,,0,1,55,0,0,3,1,0.33,1,3,0.6,,1
,16,0,0,1,0.01,4,-5.81,ceph__ceph-ansible__89227cdb3ab2fcff12e99f6e1b2eb7ba0a7e1390__roles_ceph-container-common_tasks_pre_requisites_prerequisites.yml,100,0,0,3,9,0,7,0,0,0,0,3,0.5,0,0,0,0,0,0,0,0,0,0,2,0,,84,0,0,0,3,0,25,1,0,0,,,,,,,,,,0,0,239,0,0,6,6,1,1,23,0.92,,1
,4,0,0,3,0.1,2,-5.63,iiab__iiab__24e421f0a49763e17c737c98df2edfb765bfee77__roles_network_tasks_NM-debian.yml,29,0,0,0,9,0,7,0,0,0,0,0,0,0,0,0,0,0,0,0,0,0,0,1,0,,29,0,7,0,6,0,10,1,0,0,,,,,,,,,,0,2,101,0,0,8,8,1,3,10,1,,1
,8,0,0,0,0,2,-5.38,ceph__ceph-ansible__638604929b2105c1c224a2858df90d976f91761e__roles_ceph-mgr_tasks_pre_requisite.yml,23,0,0,0,11,0,3,0,0,0,0,0,0,7,0,0,4,0,0,0,0,0,0,0,0,,22,0,0,0,2,0,4,0.67,2,0.33,,,,,,,,,,0,0,112,0,0,3,3,1,4,4,0.67,,1
,5,0,0,7,0.39,1,-4.88,gc3-uzh-ch__elasticluster__70d89a99b698ac97001b69b502029346238d97aa__elasticluster_share_playbooks_roles_gridengine_tasks_clients.yml,18,0,0,0,7,0,0,0,0,0,0,2,1,0,0,0,0,0,0,0,0,0,0,0,0,,15,0,0,2,0,0,4,1,0,0,,,,,,,,,,0,0,53,0,0,4,4,1,2,4,1,,1
,87,0,0,0,0,4,-5.97,oVirt__ovirt-ansible__b2ac61f97afbc6e102d85a16448f1f94278520fe__roles_ovirt-vm-infra_tasks_main.yml,87,1,1,1,43,0,2,0,0,0,0,2,1,19,0,0,0,0,0,0,0,0,1,0,0,,80,0,1,5,0,0,9,0.75,3,0.25,,,,,,,,,,0,0,303,1,1,1,0,0,33,12,1,,1
,5,0,0,7,0.09,2,-7.05,iiab__iiab__cba3d10e1fb0836ea3fb438d31f739d779e76014__roles_sugarizer_tasks_main.yml,77,0,0,0,28,1,6,1,2,0,0,5,0.26,0,0,0,0,0,0,0,0,0,0,0,0,,60,0,11,5,10,0,16,1,0,0,,,,,,,,,,0,3,326,0,0,14,14,1,14,14,0.88,,1
,4,0,0,9,0.39,2,-5.29,openfun__arnold__baee428c34d9d6ab10b159444879645d78c202ab__tasks_get_vault_for_app.yml,23,0,0,0,12,0,0,0,0,0,0,0,0,1,0,0,0,0,0,0,0,0,0,1,0,,23,0,3,0,3,0,5,1,0,0,,,,,,,,,,0,0,86,1,0.17,6,5,0.83,10,5,1,,1
,5,0,0,5,0.14,2,-5.96,rak8s__rak8s__65ecc13aee327c7486b290342e7bec3aef549b52__roles_kubeadm_tasks_main.yml,36,0,0,0,2,0,1,0,0,0,0,1,0.11,0,0,0,0,1,0,0,0,0,0,0,0,,33,0,0,1,5,0,9,0.9,1,0.1,,,,,,,,,,0,2,102,0,0,8,8,1,2,10,1,,1
,4,0,0,2,0.02,2,-6.84,iiab__iiab__b42858c62979b272e71ff9adcfaf5576f1665733__roles_wordpress_tasks_install.yml,89,0,0,0,25,2,1,0,0,0,0,1,0.05,0,0,0,0,0,0,0,0,0,0,0,0,,59,0,3,1,11,0,18,1,0,0,,,,,,,,,,0,1,336,0,0,18,18,1,19,18,1,,1
,12,0,0,0,0,2,-5.72,CentOS-PaaS-SIG__linchpin__2de6775de1dfcf91ed45f2472a08a69c4d892f5d__linchpin_provision_roles_openstack_tasks_provision_os_server.yml,168,0,0,0,111,0,15,0,0,0,0,1,0.06,69,0,0,0,0,0,0,0,0,0,0,0,,161,0,6,7,4,0,15,0.79,4,0.21,,,,,,,,,,0,0,722,0,0,15,13,0.87,47,15,0.79,,1
,6,0,0,0,0,2,-6.07,dev-sec__ansible-os-hardening__ef28e7d01e3f9efe65a6da9695b512d522cb6d87__tasks_sysctl.yml,35,0,0,0,18,1,9,0,0,0,0,2,0.22,0,0,0,0,0,0,0,0,0,0,0,0,,35,0,7,2,4,0,7,0.78,2,0.22,,,,,,,,,,0,0,169,0,0,7,7,1,5,7,0.78,,1
,11,0,0,38,0.7,2,-6.32,cloudalchemy__ansible-grafana__69d16c5634056481498057f798b8d05f565e70ef__tasks_dashboards.yml,54,0,0,0,15,0,2,0,0,0,0,4,0.44,1,0,0,0,0,0,0,0,0,0,0,0,,52,1,0,4,5,0,5,1,0,0,,,,,,,,,,1,0,173,0,0,5,5,1,11,5,1,,1
,11,0,0,0,0,2,-5.87,iiab__iiab__57a708e9502c936d7ef444f2bf71e4bf1bc47c11__roles_transmission_tasks_main.yml,86,0,0,0,29,0,2,0,0,0,0,3,0.27,0,0,0,0,2,0,0,0,0,0,0,0,,80,0,3,3,6,0,11,0.92,1,0.08,,,,,,,,,,0,1,266,0,0,8,8,1,17,9,0.75,,1
,4,0,0,0,0,1,-6.24,CSCfi__fgci-ansible__a20ca874079c8f41bca042c1015f86d3a530abf0__roles_ip_forwarder_tasks_main.yml,30,0,0,0,9,3,4,1,1,0,0,1,0.11,0,0,0,0,1,0,0,0,0,0,0,0,,30,0,1,0,4,0,8,1,0,0,,,,,,,,,,0,3,185,0,0,8,8,1,5,8,1,,1
,8,0,0,10,0.23,2,-5.5,openfun__arnold__7cb3f35b7f73e83ae8e4105a6d7ab53529ac78c4__tasks_create_app_htpasswd.yml,43,0,0,0,13,1,0,0,0,0,0,4,0.4,10,0,0,0,1,0,0,0,0,0,0,0,,33,1,0,4,5,0,6,0.86,1,0.14,,,,,,,,,,0,1,154,0,0,6,6,1,10,7,1,,1
,5,0,0,0,0,2,-3.5,rhevm-qe-automation__ovirt-ansible__38df5bec196f7333affc22dd872638888a56d1e9__roles_ovirt-guest-agent_handlers_main.yaml,5,0,0,0,3,0,0,0,0,0,0,0,0,0,0,0,0,0,0,0,0,0,0,0,0,,5,0,0,0,1,0,0,0,2,1,,,,,,,,,,0,0,16,0,0,1,1,1,1,2,1,,1
,9,0,0,0,0,2,-4.93,nginxinc__ansible-role-nginx__91bd842e9e6d64f7684aba7cd9861252117c9c26__tasks_main.yml,37,0,0,1,27,0,8,0,0,0,0,1,0.25,0,0,0,0,0,0,0,17,0,0,0,0,,37,0,9,0,1,0,1,1,0,0,,,,,,,,,,0,0,110,3,0.75,4,1,0.25,0,1,1,,1
,7,0,0,0,0,3,-6.31,redhat-cop__casl-ansible__7e5c5770c2c2e371337d54a1e0898e21a7665aaf__playbooks_openshift_prep-inventory.yml,71,0,0,0,21,0,5,0,0,0,0,0,0,8,0,0,0,0,0,0,0,0,0,0,0,,49,1,0,0,1,0,10,1,0,0,,,,,,,,,,0,0,222,0,0,10,10,1,19,10,1,,1
,6,0,0,3,0.08,2,-5.85,dev-sec__ansible-os-hardening__7a6b1f7d66580a8dfd4ec6f7e278235bd29fcfb7__tasks_yum.yml,36,0,0,0,7,0,0,0,0,0,0,2,0.25,1,0,0,0,0,0,0,0,0,0,0,0,,31,0,0,2,5,0,6,0.75,2,0.25,,,,,,,,,,0,1,102,0,0,6,6,1,5,8,1,,1
,6,0,0,0,0,2,-4.81,gantsign__ansible-role-visual-studio-code__b268e1217f6f3df3825fee71a9d727b5616b51c9__tasks_install-apt.yml,23,0,0,0,1,0,0,0,0,0,0,0,0,1,0,0,0,0,0,0,0,0,0,0,0,,21,0,0,0,3,0,6,0.86,1,0.14,,,,,,,,,,0,0,63,0,0,4,4,1,0,7,1,,1
,13,0,0,0,0,3,-5.05,ansible-ThoTeam__nexus3-oss__f37b6f4e9409aee8d96c982625ee23503a30fdda__tasks_call_script.yml,13,0,0,0,5,0,0,0,0,0,0,0,0,1,0,0,0,0,0,0,0,0,0,0,0,,12,0,0,0,1,0,0,0,1,1,,,,,,,,,,0,0,47,0,0,1,1,1,9,1,1,,1
,4,0,0,1,0.04,2,-5.21,iiab__iiab__0a84a5e9a70d789335ead054b24f431c73ad87cc__roles_network_tasks_sysd-netd-debian.yml,24,0,0,0,3,0,4,0,0,0,0,0,0,0,0,0,0,0,0,0,0,0,0,1,0,,24,0,3,0,3,0,7,1,0,0,,,,,,,,,,0,0,77,0,0,6,6,1,0,7,1,,1
,4,0,0,3,0.19,2,-5.44,geerlingguy__drupal-vm__7b7ac00c9f04ea57edcf33077ffd07336be29026__provisioning_tasks_www.yml,16,0,0,0,3,0,1,0,0,0,0,0,0,0,0,0,0,0,0,0,0,0,0,0,0,,16,0,0,0,3,0,4,1,0,0,,,,,,,,,,0,0,58,0,0,4,4,1,2,4,1,,1
,12,0,0,0,0,2,-5.68,CentOS-PaaS-SIG__linchpin__8b2baa5aec146d64c7c83b8e4f3ce23e4c25b84f__linchpin_provision_roles_openstack_tasks_provision_os_server.yml,197,0,0,0,146,0,27,0,0,0,0,1,0.06,85,0,0,0,0,0,0,0,0,0,0,0,,197,0,22,8,4,0,17,0.77,5,0.23,,,,,,,,,,0,0,922,0,0,17,12,0.71,45,14,0.64,,1
162,17,0,0,0,0,3,-6.27,ansible__molecule__9e71a1409af3fee6af60cedd96939436052a996f__molecule_provisioner_ansible_playbooks_docker_create.yml,134,0,0,0,94,0,7,1,1,0,0,8,0.5,55,0,0,30,0,0,0,0,0,0,0,0,0,123,0,4,8,7,0,10,0.71,4,0.29,1,0,0,1,1,0,4,0,0,0,0,747,0,0,9,9,1,52,14,1,0,1
9,,0,0,2,0.11,2,-3.76,manala__manalize__295df49c05c9eb9248892917a2f9aae8b306642f__src_Resources_envs_symfony_ansible_ansible.yml,18,,,,1,,0,0,0,,,,,0,,,0,,,,,,,,,0,11,0,0,,,0,0,0,0,0,2,2,1,0,0,3,0,1,0,0,,25,,,,,,,0,0,3,1
,12,0,0,1,0.01,3,-5.82,ceph__ceph-ansible__7b7f79171a872c8f078c916b7232e9a437d56860__roles_ceph-container-common_tasks_pre_requisites_prerequisites.yml,90,0,0,4,9,0,7,0,0,0,0,4,0.57,0,0,0,0,0,0,0,0,0,0,2,0,,73,0,0,0,3,0,22,1,0,0,,,,,,,,,,0,0,212,0,0,7,7,1,1,20,0.91,,1
,5,0,0,6,0.13,2,-5.63,rhevm-qe-automation__ovirt-ansible__d859d7b79ba0d5a36267794b2745434d7336d457__roles_ovirt-collect-logs_tasks_main.yml,47,0,0,0,14,0,0,0,0,0,0,4,0.31,0,0,0,0,2,0,0,0,1,0,0,1,,40,0,0,4,6,0,8,0.89,1,0.11,,,,,,,,,,0,2,145,1,0.11,9,8,0.89,11,9,1,,1
,4,0,0,9,0.26,1,-5.74,jloh__nagios-nrpe-server__c33f3410e002f9d8506f0725f56b7d7afa1c5f74__tasks_main.yml,34,0,0,0,10,0,1,0,0,0,0,2,0.2,0,0,0,0,0,0,0,0,1,0,0,2,,20,0,0,2,5,0,7,1,0,0,,,,,,,,,,0,0,108,1,0.12,8,7,0.88,7,7,1,,1
,54,0,0,13,0.12,4,-6.33,oVirt__ovirt-ansible__b9ba3888a5808269ee15d2c524bb9794573f85d0__roles_ovirt-cluster-upgrade_tasks_main.yml,105,1,1,1,50,0,12,0,0,0,0,2,0.67,13,0,0,0,0,0,0,0,2,0,0,0,,97,0,7,4,1,0,17,0.77,5,0.23,,,,,,,,,,4,0,408,2,1,2,0,0,22,17,0.77,,1
,6,0,0,0,0,2,-4.91,weareinteractive__ansible-environment__b2c11fef88421b5ce126e6eb9cd99f57cc401c02__tasks_config.yml,19,0,0,0,9,0,0,0,0,0,0,2,0.4,0,0,0,0,0,0,0,0,0,0,0,0,,19,0,0,2,2,0,3,1,0,0,,,,,,,,,,0,0,63,0,0,3,3,1,7,3,1,,1
,6,0,0,0,0,2,-5.77,atosatto__ansible-dockerswarm__65be87a2535adbaae95adc5df5c9c4eae60d131f__tasks_swarm_cluster.yml,48,0,0,0,16,0,12,0,0,0,0,0,0,0,0,0,0,0,0,0,0,0,0,0,0,,32,0,6,0,2,0,7,1,0,0,,,,,,,,,,0,6,204,0,0,7,7,1,8,7,1,,1
23,5,0,0,2,0.09,4,-5.64,openfun__arnold__4d3ba234e64f7d20bcc207bf78d52b5f3fa16286__create_project.yml,22,0,0,0,3,0,0,0,0,0,0,0,0,3,0,0,0,0,0,0,2,0,0,0,0,0,22,0,0,0,3,0,2,0.67,1,0.33,1,1,1,0,0,0,1,0,0,0,0,67,2,0.5,4,2,0.5,4,3,1,0,1
,8,0,0,2,0.02,2,-6.66,iiab__iiab__f8e431cd196423ff882297f03cebee76f031a062__roles_kolibri_tasks_main.yml,102,0,0,0,42,2,2,0,0,0,0,3,0.18,0,0,0,0,3,0,0,0,0,0,0,0,,98,0,2,3,8,0,10,0.53,9,0.47,,,,,,,,,,0,3,420,0,0,14,14,1,21,16,0.84,,1
,6,0,0,12,0.1,1,-6.48,ceph__ceph-ansible__abd96a22b0f75fd3cb6e9563a9f6cf3744f55544__roles_ceph-radosgw_tasks_install_debian.yml,118,0,0,0,36,6,9,0,0,0,0,8,0.31,0,0,0,0,2,0,0,0,0,0,0,0,,60,1,8,8,7,0,18,1,0,0,,,,,,,,,,0,0,357,0,0,18,18,1,7,18,1,,1
,10,0,0,2,0.05,2,-5.37,anthcourtney__ansible-role-cis-amazon-linux__3779b2ae4ca261d75589b690c0a6213817fa5872__tasks_level-1_1.5.1.yml,38,0,0,0,7,0,4,0,0,0,0,0,0,0,0,0,0,0,0,0,0,0,0,0,0,,26,0,4,0,4,0,5,1,0,0,,,,,,,,,,0,0,101,0,0,4,2,0.5,2,3,0.6,,1
,4,0,0,2,0.08,2,-5.51,nusenu__ansible-relayor__95a0ffb87f5a5ecbf178ee4a5b4f890acaba6cbe__tasks_rpm_install.yml,26,0,0,0,4,0,4,0,0,0,0,0,0,0,0,0,0,0,0,0,0,0,0,0,0,,24,0,0,0,5,0,5,1,0,0,,,,,,,,,,0,0,87,1,0.17,6,5,0.83,3,5,1,,1
,4,0,0,56,1.04,2,-5.94,openfun__arnold__fc2ce3392a275489da28c61412cca74afe4d81f5__tasks_set_vars.yml,54,0,0,0,21,0,3,0,0,0,0,4,0.24,15,0,0,0,0,0,0,0,0,0,0,3,,51,1,0,4,3,0,13,1,0,0,,,,,,,,,,0,0,229,0,0,13,13,1,13,13,1,,1
,5,0,0,0,0,2,-5.6,roots__trellis__f55d2260b2f2bce34d4e89e1512fc6f1f2a7567f__roles_deploy_hooks_finalize-after.yml,30,0,0,0,12,4,1,1,5,0,0,0,0,0,0,0,0,0,0,0,0,0,0,0,0,,30,0,4,0,3,0,6,1,0,0,,,,,,,,,,0,1,128,0,0,6,6,1,2,6,1,,1
,12,0,0,0,0,3,-5.87,dev-sec__ansible-os-hardening__68ead9d1b0cf2d9ff24ef7169ffbb244fe18f99c__tasks_limits.yml,35,0,0,1,2,0,1,0,0,0,0,1,0.33,0,0,0,0,0,0,0,0,0,0,0,0,,35,0,1,0,2,0,5,1,0,0,,,,,,,,,,0,0,115,1,0.33,3,2,0.67,0,5,1,,1
,9,0,0,0,0,3,-5.45,CentOS-PaaS-SIG__linchpin__daa9016fdedf7cb2e88bd940ae4e2a2e3b96659c__linchpin_provision_roles_aws_tasks_provision_aws_ec2.yml,50,0,0,0,33,0,3,0,0,0,0,0,0,18,0,0,0,0,0,0,0,0,0,0,0,,50,0,3,0,2,0,6,0.86,1,0.14,,,,,,,,,,0,0,226,0,0,6,6,1,18,7,1,,1
,4,0,0,2,0.07,2,-5.4,geerlingguy__ansible-role-java__b0ea7df8df80dc58546bcac365734e3cc82045aa__tasks_main.yml,28,0,0,0,13,0,9,0,0,0,0,3,0.27,1,0,0,0,0,0,0,0,3,0,0,3,,28,0,2,0,4,0,5,1,0,0,,,,,,,,,,0,0,99,3,0.38,8,5,0.62,5,5,1,,1
,6,0,0,7,0.16,2,-5.82,sensu__sensu-ansible__45f0f4f49458ec15e4810a4ec241a19f8ac22eac__tasks_CentOS_rabbit.yml,45,0,0,0,6,1,0,1,1,0,0,2,0.22,0,0,0,0,0,0,0,0,0,0,0,1,,39,0,0,2,5,0,11,1,0,0,,,,,,,,,,1,0,112,1,0.14,7,6,0.86,4,11,1,,1
,9,0,0,0,0,2,-3.87,rhevm-qe-automation__ovirt-ansible__38df5bec196f7333affc22dd872638888a56d1e9__roles_ovirt-guest-agent_tasks_main.yml,9,0,0,0,5,0,0,0,0,0,0,1,0.5,0,0,0,0,0,0,0,0,0,0,0,0,,7,0,0,1,1,0,0,0,2,1,,,,,,,,,,0,0,26,0,0,1,1,1,2,2,1,,1
,12,0,0,12,0.5,3,-5.54,ansible-community__ara__0f8d2066591bf2e140e7a9d90bc68d8a17233812__roles_ara_api_tasks_wsgi_server_gunicorn.yaml,24,0,0,1,1,0,0,0,0,0,0,1,0.5,2,0,0,0,0,0,0,0,0,0,0,0,,23,0,0,0,1,0,5,1,0,0,,,,,,,,,,0,0,67,1,0.5,2,1,0.5,2,5,1,,1
,7,0,0,2,0.03,2,-5.82,StackStorm__ansible-st2__2ebb20a41ca78d4290e0c80ec64a08c673f703c1__roles_st2_tasks_main.yml,63,0,0,0,12,0,6,0,0,0,0,2,0.18,0,0,0,2,0,0,0,0,4,0,0,0,,55,0,1,2,3,0,12,0.86,2,0.14,,,,,,,,,,0,0,191,0,0,9,9,1,7,12,0.86,,1
,4,0,0,23,0.13,2,-6.93,iiab__iiab-admin-console__ee7d3b3bc9f03b7310d9a630a94286bd03c3da76__roles_cmdsrv_tasks_main.yml,175,0,0,0,36,0,9,0,0,0,0,9,0.23,0,0,0,0,0,0,0,0,0,0,0,0,,103,0,8,9,9,0,29,1,0,0,,,,,,,,,,0,4,456,1,0.03,30,23,0.77,13,23,0.79,,1
,5,0,0,14,0.24,2,-5.66,gc3-uzh-ch__elasticluster__c9a6d08dc4ac4d1b909f0fe059a12472b06e2f0b__elasticluster_share_playbooks_roles_iptables_tasks_main.yml,58,0,0,2,11,0,0,0,0,0,0,3,0.38,0,0,0,0,0,0,0,0,1,0,0,0,,34,0,0,1,4,0,9,1,0,0,,,,,,,,,,0,0,114,2,0.29,7,5,0.71,8,9,1,,1
,5,0,0,12,0.8,2,-5.14,ansible-community__ara__0f8d2066591bf2e140e7a9d90bc68d8a17233812__roles_ara_api_tasks_install_source.yaml,15,0,0,0,7,0,0,0,0,0,0,0,0,3,0,0,0,0,0,0,0,0,0,0,0,,15,0,0,0,3,0,3,0.75,1,0.25,,,,,,,,,,0,0,64,0,0,3,3,1,6,4,1,,1
,6,0,0,10,0.12,2,-6.43,elastic__ansible-elasticsearch__c0238edb380629b6df9a71714efae5964d93b571__tasks_xpack_security_elasticsearch-security-file.yml,82,0,0,0,40,3,3,0,0,0,0,3,0.18,7,0,0,0,0,0,0,0,0,0,0,0,,79,0,2,3,7,0,14,1,0,0,,,,,,,,,,0,1,318,0,0,14,14,1,17,14,1,,1
,5,0,0,2,0.08,2,-4.97,geerlingguy__ansible-role-nodejs__2d0021d90ac0b19051778c711f61adf35527a012__tasks_main.yml,26,0,0,0,12,0,4,0,0,0,0,2,0.29,2,0,0,0,0,0,0,0,2,0,0,0,,26,0,1,2,3,0,3,0.6,2,0.4,,,,,,,,,,1,0,92,2,0.4,5,3,0.6,5,3,0.6,,1
,34,0,0,5,0.04,3,-6.31,CentOS-PaaS-SIG__linchpin__a2bdaea5e6ff8d84d23fecc49d829e6924f59314__linchpin_provision_roles_beaker_tasks_provision_resource_group.yml,127,0,0,1,49,0,9,0,0,0,0,5,0.71,31,0,0,0,1,0,0,0,0,0,0,0,,117,0,1,10,1,0,21,1,0,0,,,,,,,,,,0,0,490,1,0.25,4,3,0.75,33,16,0.76,,1
,19,0,0,11,0.02,3,-7.87,MindPointGroup__RHEL7-STIG__7d864f91e48be637a4563995e88ee2c84f93745d__tasks_fix-cat1.yml,450,0,0,9,101,0,31,1,5,0,0,10,0.37,8,0,0,0,0,0,0,0,0,0,0,0,,349,0,20,11,6,0,54,0.96,2,0.04,,,,,,,,,,0,0,1930,9,0.35,26,17,0.65,41,48,0.86,,1
,5,0,0,0,0,2,-4.01,StackStorm__ansible-st2__2ebb20a41ca78d4290e0c80ec64a08c673f703c1__roles_st2_handlers_main.yml,19,0,0,0,2,1,0,0,0,0,0,1,0.2,0,0,0,0,0,0,0,0,0,0,0,0,,19,0,0,1,2,0,6,0.86,1,0.14,,,,,,,,,,0,0,45,0,0,4,4,1,2,7,1,,1
,5,0,0,10,0.11,2,-6.09,elastic__ansible-elasticsearch__0676799d1c0d4d99fbbea236eedd9d327b7c94d0__tasks_xpack_security_elasticsearch-security-native.yml,88,0,0,0,54,0,10,0,0,0,0,4,0.18,10,0,0,0,0,0,0,0,0,0,0,0,,88,0,8,4,4,0,7,1,0,0,,,,,,,,,,0,0,273,11,0.61,18,7,0.39,21,7,1,,1
,12,0,0,76,0.62,2,-6.89,iiab__iiab__f810b9cde68187f24402e9c42f9f32f477ddd017__roles_openvpn_tasks_main.yml,122,0,0,0,25,0,5,0,0,0,0,5,0.28,0,0,0,0,0,0,0,0,0,0,0,0,,140,0,7,5,6,0,15,0.94,1,0.06,,,,,,,,,,0,0,426,0,0,13,13,1,15,14,0.88,,1
,6,0,0,4,0.05,2,-6.01,dev-sec__ansible-os-hardening__7a6b1f7d66580a8dfd4ec6f7e278235bd29fcfb7__tasks_pam.yml,86,0,0,0,46,1,33,0,0,0,0,0,0,0,0,0,0,0,0,0,0,0,0,0,0,,81,0,32,0,6,0,15,0.68,7,0.32,,,,,,,,,,0,0,342,0,0,14,8,0.57,5,10,0.45,,1
,5,0,0,9,0.35,2,-5.28,openfun__arnold__7cb3f35b7f73e83ae8e4105a6d7ab53529ac78c4__tasks_get_vault_for_app.yml,26,0,0,0,13,0,0,0,0,0,0,0,0,2,0,0,0,0,0,0,0,0,0,0,0,,26,0,3,0,2,0,6,1,0,0,,,,,,,,,,0,0,105,0,0,6,6,1,11,6,1,,1
,6,0,0,0,0,2,-5.73,DataDog__ansible-datadog__36b4fa80f9046d3bd637ed0e9eb67c0ce604a3a2__tasks_pkg-debian.yml,49,0,0,0,12,0,5,0,0,0,0,1,0.11,0,0,0,0,0,0,0,0,0,0,0,0,,47,0,1,1,3,0,10,0.91,1,0.09,,,,,,,,,,0,0,163,0,0,8,8,1,7,11,1,,1
,6,0,0,12,0.08,2,-6.51,elastic__ansible-elasticsearch__dd048b687d1d9eb5f40c0b76fbf73e8d6974bf36__tasks_xpack_security_elasticsearch-security-native.yml,151,0,0,0,80,0,11,0,0,0,0,5,0.15,26,0,0,0,0,0,0,0,0,0,0,0,,151,0,8,5,3,0,28,1,0,0,,,,,,,,,,0,0,554,0,0,28,26,0.93,31,26,0.93,,1
6,,0,0,1,0.05,2,-4.75,CentOS-PaaS-SIG__linchpin__f844bbef7fbaf6b9bd44dc361f1c87ffd6e604cc__provision_site.yml,21,,,,1,,1,0,0,,,,,0,,,0,,,,,,,,,0,22,0,0,,,0,4,1,0,0,4,0,0,4,1,0,0,9,0,0,,60,,,,,,,4,1,0,1
,5,0,0,1,0.03,2,-5.76,rak8s__rak8s__2a3731b770a00a07f61f964d009da5c26728ba1c__roles_master_tasks_main.yml,36,0,0,0,5,0,0,0,0,0,0,0,0,0,0,0,0,0,0,0,0,0,0,0,0,,36,0,0,0,4,0,8,1,0,0,,,,,,,,,,0,4,105,0,0,7,7,1,7,8,1,,1
,13,0,0,1,0.04,1,-5.37,Oefenweb__ansible-wordpress__bab6b6e4e8616c46e994b47e0eed3833b804dab8__tasks_themes.yml,23,0,0,0,8,0,2,0,0,0,0,3,0.5,0,0,0,0,0,0,0,0,0,0,0,0,,19,0,2,3,1,0,3,1,0,0,,,,,,,,,,0,3,94,0,0,3,3,1,5,3,1,,1
,9,0,0,0,0,2,-6.22,zzet__ansible-rbenv-role__14f8179b0a17de7b657ea7520bc0d50ea528c0e5__tasks_user_install.yml,137,0,0,0,63,0,13,0,0,0,0,13,0.46,9,0,0,0,13,0,0,0,0,0,0,0,,104,1,3,13,7,0,12,0.8,3,0.2,,,,,,,,,,0,5,494,0,0,15,13,0.87,25,13,0.87,,1
,7,0,0,22,0.42,2,-6.47,iiab__iiab__5862a413e45511fe10d8f8472cdc0c01005ee36b__roles_kalite_tasks_install.yml,53,0,0,0,18,0,2,0,0,0,0,2,0.18,0,0,0,0,0,0,0,0,0,0,0,0,,58,0,4,2,7,0,11,0.92,1,0.08,,,,,,,,,,0,1,212,0,0,9,9,1,11,10,0.83,,1
,6,0,0,21,0.23,2,-6.09,iiab__iiab__3c672b3e8ee8f913881681271316f0f4ef5ad6d0__roles_captive-portal_tasks_main.yml,93,0,0,0,20,0,4,0,0,0,0,4,0.2,0,0,0,0,0,0,0,0,0,0,0,0,,89,0,8,4,6,0,20,0.95,1,0.05,,,,,,,,,,0,1,264,0,0,16,16,1,5,21,1,,1
,3,0,0,3,0.21,1,-4.88,geerlingguy__drupal-vm__3c3dd93d7c9523aacc6a74d12105ce97a30de3d8__provisioning_roles_geerlingguy.ruby_tasks_main.yml,14,0,0,0,9,0,5,0,0,0,0,1,0.17,0,0,0,0,0,0,0,0,3,0,0,0,,14,0,2,1,2,0,2,1,0,0,,,,,,,,,,0,0,54,3,0.6,5,2,0.4,3,2,1,,1
,8,0,0,0,0,2,-6.32,iiab__iiab__1a4125a268ebc5db039d34e533cd63426c139932__roles_network_tasks_squid.yml,94,0,0,0,26,1,1,0,0,0,0,4,0.29,0,0,0,0,0,0,0,0,0,0,1,0,,69,0,1,4,8,0,9,1,0,0,,,,,,,,,,0,0,285,1,0.1,10,9,0.9,13,9,1,,1
,4,0,0,11,0.65,2,-5.48,openfun__arnold__baee428c34d9d6ab10b159444879645d78c202ab__tasks_create_app_secrets.yml,17,0,0,0,9,0,2,0,0,0,0,2,0.4,1,0,0,0,0,0,0,0,0,0,0,1,,17,1,2,1,3,0,4,1,0,0,,,,,,,,,,0,0,78,0,0,4,4,1,5,4,1,,1
,8,0,0,2,0.02,2,-6.68,iiab__iiab__40ee7834f8b4ff79ba058cd8371f2554cbf235f9__roles_kolibri_tasks_main.yml,110,0,0,0,48,2,5,0,0,0,0,3,0.17,0,0,0,0,3,0,0,0,0,0,0,0,,106,0,5,3,8,0,11,0.52,10,0.48,,,,,,,,,,0,3,452,0,0,15,15,1,22,17,0.81,,1
26,7,0,0,0,0,3,-5.43,geerlingguy__drupal-vm__ac841e1c29a021e07e8d00005fe4f61a88a44b54__examples_prod_bootstrap_init.yml,26,0,0,0,8,0,0,0,0,0,0,0,0,0,0,0,0,0,0,0,0,0,0,0,0,0,25,1,0,0,3,0,3,0.75,1,0.25,1,1,1,0,0,0,0,0,0,0,0,74,0,0,3,3,1,5,4,1,0,1
,6,0,0,2,0.01,2,-6.07,ceph__ceph-ansible__7df62fde3476aa0a79821f26775660de1ec0c68e__roles_ceph-dashboard_tasks_configure_dashboard.yml,144,0,0,0,69,19,9,0,0,0,0,0,0,4,0,0,0,0,0,0,0,0,0,0,0,,129,0,3,0,4,0,26,0.93,2,0.07,,,,,,,,,,0,4,722,0,0,28,24,0.86,21,24,0.86,,1
,5,0,0,0,0,1,-5.5,dev-sec__ansible-os-hardening__52163263a745ef98f0308b7c19041887c234a29a__tasks_minimize_access.yml,15,0,0,0,4,0,1,0,0,0,0,1,0.25,0,0,0,0,0,0,0,0,0,0,0,0,,8,0,0,1,1,0,3,1,0,0,,,,,,,,,,0,0,62,0,0,3,3,1,5,3,1,,1
,9,0,0,0,0,2,-5.68,StackStorm__ansible-st2__0f99b778f4f48a31383d42fe57689145e3fa7499__roles_StackStorm.ewc_tasks_license.yml,69,0,0,0,13,1,5,0,0,0,0,0,0,3,0,0,0,0,0,0,0,0,0,1,0,,53,0,2,0,6,0,8,1,0,0,,,,,,,,,,0,0,187,0,0,8,8,1,7,8,1,,1
,5,0,0,8,0.08,3,-7,lae__ansible-role-proxmox__f247f50b97e495ea81b18eefcd65c86d21c306ff__tasks_main.yml,101,0,0,1,37,0,10,1,3,0,0,10,0.34,9,0,0,2,0,0,0,0,8,0,0,1,,85,1,9,7,9,0,15,0.94,1,0.06,,,,,,,,,,0,0,391,11,0.48,23,12,0.52,13,16,1,,1
45,8,0,0,0,0,5,-5.61,gantsign__ansible-role-visual-studio-code__b268e1217f6f3df3825fee71a9d727b5616b51c9__molecule_default_playbook.yml,44,0,0,0,4,0,2,0,0,0,0,1,0.33,0,0,0,0,0,0,0,0,0,0,0,0,0,37,0,0,1,2,0,6,0.86,1,0.14,1,0,0,1,1,0,0,1,0,0,0,85,0,0,2,2,1,1,7,1,0,1
,9,0,0,0,0,2,-4.78,StackStorm__ansible-st2__32566695905cb92a4a975eba01e564702554b2fd__roles_mongodb_tasks_mongodb_apt.yaml,21,0,0,0,1,0,0,0,0,0,0,0,0,2,0,0,0,0,0,0,0,0,0,0,0,,21,0,0,0,3,0,4,1,0,0,,,,,,,,,,0,0,61,0,0,3,3,1,2,4,1,,1
,14,0,0,5,0.08,2,-6.6,iiab__iiab__6aafc58984649e57c4a1b91358478eae90917065__roles_2-common_tasks_packages.yml,65,0,0,0,6,0,0,0,0,0,0,0,0,0,0,0,0,0,0,0,0,0,0,0,0,,22,0,1,0,2,0,47,0.98,1,0.02,,,,,,,,,,0,0,148,0,0,5,5,1,1,48,1,,1
,10,0,0,0,0,2,-5.53,CentOS-PaaS-SIG__linchpin__ed080a50ec61a68c5e9cec2f1e6a4278726d6316__linchpin_provision_roles_libvirt_tasks_teardown_libvirt_node.yml,51,0,0,0,21,1,3,0,0,0,0,4,0.44,5,0,0,0,4,0,0,0,0,0,0,0,,44,0,3,4,4,0,5,0.71,2,0.29,,,,,,,,,,0,1,167,0,0,5,5,1,15,5,0.71,,1
,4,0,0,0,0,2,-5.41,geerlingguy__ansible-role-nodejs__832abcd3bf23273962426cedb8aa35204a5889ab__tasks_setup-Debian.yml,19,0,0,0,5,0,0,0,0,0,0,1,0.17,1,0,0,0,0,0,0,0,0,0,0,0,,17,0,0,1,3,0,5,1,0,0,,,,,,,,,,0,0,75,0,0,5,5,1,4,5,1,,1
46,9,0,0,3,0.07,4,-5.5,ansible__molecule__7c508b6568aece2407a0eecbbdf91b7f01c4621f__molecule_cookiecutter_scenario_driver_vagrant_{{cookiecutter.molecule_directory}}_{{cookiecutter.scenario_name}}_create.yml,44,0,0,0,26,0,0,0,0,0,0,3,0.5,14,0,0,0,0,0,0,0,0,0,0,0,0,44,2,0,2,2,0,5,1,0,0,1,0,0,1,1,3,2,0,0,0,0,179,0,0,4,4,1,22,5,1,3,1
8,10,0,0,1,0.07,3,-4.73,redhat-cop__casl-ansible__fb2a3bb21d5916bce22804aec6009e8418c39ce3__playbooks_openshift_cinder-registry.yml,15,0,0,0,4,0,1,0,0,0,0,1,0.5,0,0,0,0,0,0,0,0,0,0,0,0,0,12,0,0,1,1,0,1,1,0,0,2,2,1,0,0,0,0,1,0,0,0,32,0,0,1,1,1,5,1,1,0,1
,6,0,0,0,0,2,-4.96,gantsign__ansible-role-visual-studio-code__b268e1217f6f3df3825fee71a9d727b5616b51c9__tasks_install-zypper.yml,18,0,0,0,1,0,0,0,0,0,0,0,0,1,0,0,0,0,0,0,0,0,0,0,0,,18,0,0,0,3,0,3,0.75,1,0.25,,,,,,,,,,0,0,50,0,0,3,3,1,0,4,1,,1
,17,0,0,8,0.1,2,-4.99,oVirt__ovirt-ansible__fc3a43b5457da257aba6d9c3f830a7be7586a422__roles_ovirt-storages_tasks_main.yml,80,0,0,0,56,0,5,0,0,0,0,9,1,35,0,0,0,0,0,0,0,0,0,0,0,,73,0,2,4,0,0,5,0.62,3,0.38,,,,,,,,,,0,0,342,0,0,5,5,1,25,5,0.62,,1
,7,0,0,0,0,2,-4.97,EMCECS__ECS-CommunityEdition__9a0b67c823e5f4e41deb12b4f67d5186f4c1e01c__ui_ansible_roles_firewalld_configure_access_tasks_main.yml,40,0,0,0,7,0,0,0,0,0,0,3,0.33,2,0,0,0,0,0,0,0,0,0,0,0,,40,0,0,3,2,0,8,1,0,0,,,,,,,,,,0,0,123,0,0,6,4,0.67,5,4,0.5,,1
,4,0,0,2,0.05,1,-6.36,dev-sec__ansible-ssh-hardening__edf358c6916fb57565d0eaf76904d48215d9a08b__tasks_main.yml,38,0,0,0,27,1,18,0,0,0,0,0,0,0,0,0,0,1,0,0,0,0,0,0,1,,38,0,17,0,6,0,11,1,0,0,,,,,,,,,,0,5,250,0,0,11,11,1,5,11,1,,1
,4,1,0.05,5,0.26,2,-5.04,iiab__iiab__15b0afc03b5a7c283b026b15089a0221e8a9fab9__roles_kiwix_tasks_main.yml,19,0,0,0,6,0,4,0,0,0,0,0,0,0,0,0,0,0,0,0,0,1,0,0,0,,18,0,1,0,4,0,3,1,0,0,,,,,,,,,,0,0,71,2,0.4,5,3,0.6,4,3,1,,1
,4,0,0,1,0.04,2,-5.25,nusenu__ansible-relayor__dc73f16743fa376672b427980c6ca044dd6fa68a__handlers_main.yml,26,0,0,0,4,1,4,0,0,0,0,0,0,0,0,0,0,0,0,0,0,0,0,0,0,,25,0,0,0,5,0,7,1,0,0,,,,,,,,,,1,1,83,0,0,6,6,1,0,7,1,,1
,11,0,0,0,0,2,-5.34,CentOS-PaaS-SIG__linchpin__4acf2475c777a34b61ae0f0417d35cdfa771656a__provision_roles_aws_tasks_provision_aws_ec2.yml,42,0,0,0,32,0,7,0,0,0,0,0,0,14,0,0,0,0,0,0,0,0,0,0,0,,42,0,3,0,2,0,4,1,0,0,,,,,,,,,,0,0,198,0,0,4,4,1,14,4,1,,1
,3,0,0,4,0.1,2,-5.58,geerlingguy__drupal-vm__296e2b3f34fb171709a8389d523235b88d7ea7fb__provisioning_roles_geerlingguy.apache_tasks_main.yml,39,0,0,0,17,0,12,1,1,0,0,1,0.06,1,0,0,0,0,0,0,0,8,0,0,3,,39,0,1,0,5,0,5,0.83,1,0.17,,,,,,,,,,0,1,132,10,0.67,15,5,0.33,10,6,1,,1
,14,0,0,2,0.14,2,-4.56,anthcourtney__ansible-role-cis-amazon-linux__0583805c7441b53523990b7bc649aa00b2fa882c__tasks_level-1_3.6.2.yml,14,0,0,0,1,0,0,0,0,0,0,1,0.5,0,0,0,0,0,0,0,0,0,0,0,0,,7,0,0,1,1,0,1,1,0,0,,,,,,,,,,0,0,25,0,0,1,1,1,1,1,1,,1
6,3,0,0,7,0.16,3,-5.62,redhat-cop__casl-ansible__5028d82e2f004b82d57b54df1a1faf70b70f3c46__playbooks_openshift_post-provision-openstack.yml,43,0,0,0,8,0,4,0,0,0,0,0,0,0,0,0,0,0,0,0,3,0,0,0,0,0,42,0,1,0,2,0,2,1,0,0,6,6,1,0,0,0,0,7,0,0,0,103,3,0.6,5,2,0.4,1,2,1,0,1
,8,0,0,1,0.04,2,-4.67,Oefenweb__ansible-supervisor__34558cb7d462b9d047e0e2de2a6a40507d664096__tasks_install.yml,23,0,0,0,8,0,2,0,0,0,0,1,0.25,2,0,0,0,0,0,0,0,0,0,0,0,,20,0,0,1,2,0,5,0.83,1,0.17,,,,,,,,,,0,0,67,0,0,3,3,1,5,4,0.67,,1
,8,0,0,1,0.01,2,-6.05,sensu__sensu-ansible__b29c1c5407a15d3ce675b404dd0948de466c5721__tasks_plugins.yml,93,0,0,0,43,0,7,0,0,0,0,5,0.36,4,0,0,0,0,0,0,0,0,0,0,1,,78,0,2,5,5,0,11,1,0,0,,,,,,,,,,0,1,324,1,0.08,12,11,0.92,10,11,1,,1
18,,0,0,0,0,2,-4.72,StackStorm__ansible-st2__ae27046e29ed9f890a3b138512fbd3f66dcb30b2__stackstorm.yml,18,,,,4,,4,0,0,,,,,0,,,0,,,,,,,,,0,7,0,2,,,0,1,1,0,0,1,0,0,1,1,0,0,13,0,0,,41,,,,,,,1,1,0,1
,7,0,0,1,0.02,2,-6.02,rak8s__rak8s__65ecc13aee327c7486b290342e7bec3aef549b52__roles_common_tasks_main.yml,45,0,0,0,3,0,0,1,1,0,0,0,0,0,0,0,0,1,0,0,0,0,0,0,0,,35,0,0,0,4,0,7,1,0,0,,,,,,,,,,0,1,98,0,0,6,6,1,2,7,1,,1
,8,0,0,3,0.06,2,-5.7,ceph__ceph-ansible__b7f4e3e7c7d73d931fd7fec4c940384c890dee42__roles_ceph-mon_tasks_crush_rules.yml,54,0,0,0,31,3,10,0,0,0,0,7,0.54,3,0,0,0,0,0,0,0,0,0,0,0,,42,0,3,6,3,0,6,0.86,1,0.14,,,,,,,,,,0,0,243,0,0,7,7,1,18,7,1,,1
,4,0,0,9,0.17,2,-6.1,iiab__iiab__80a9a3b305702db2678d8fe07c5da8b656171712__roles_kalite_tasks_install.yml,54,0,0,0,19,0,3,0,0,0,0,2,0.17,0,0,0,0,0,0,0,0,0,0,0,0,,39,0,7,2,6,0,10,1,0,0,,,,,,,,,,0,0,201,0,0,10,8,0.8,10,8,0.8,,1
185,4,0,0,4,0.03,3,-6.23,geerlingguy__drupal-vm__658c5abd1d3c55103d48da3d179c7ee72f91bafc__provisioning_playbook.yml,119,0,0,0,62,0,43,0,0,0,0,8,0.31,7,0,0,0,0,0,0,0,13,1,0,1,0,144,1,7,5,5,0,6,1,0,0,1,1,1,0,0,0,0,38,0,0,0,456,12,0.67,18,6,0.33,9,6,1,0,1
,6,0,0,6,0.03,3,-6.88,ceph__ceph-ansible__b7f4e3e7c7d73d931fd7fec4c940384c890dee42__roles_ceph-facts_tasks_facts.yml,231,0,0,2,97,2,57,0,0,0,0,6,0.15,14,0,0,3,0,0,0,2,0,0,0,0,,168,0,25,4,5,0,40,1,0,0,,,,,,,,,,0,0,776,1,0.03,37,36,0.97,42,40,1,,1
,5,0,0,3,0.12,2,-6.22,elastic__ansible-elasticsearch__c0238edb380629b6df9a71714efae5964d93b571__tasks_elasticsearch-parameters.yml,24,0,0,0,21,0,21,0,0,0,0,0,0,1,0,0,0,0,0,0,0,0,0,0,0,,21,0,14,0,3,0,7,1,0,0,,,,,,,,,,0,0,225,0,0,7,7,1,4,7,1,,1
,14,0,0,0,0,2,-5.27,cloudalchemy__ansible-grafana__b16f0f1731b944b5f548513fa5f14c7b1e16a89a__tasks_datasources.yml,28,0,0,0,14,0,1,0,0,0,0,1,0.33,5,0,0,0,0,0,0,0,0,0,0,0,,24,0,1,1,2,0,2,0.67,1,0.33,,,,,,,,,,0,0,94,0,0,2,2,1,11,3,1,,1
,3,0,0,0,0,2,-5.16,dev-sec__ansible-os-hardening__7daabdc2db8b38bcff0a7b8e5c41db1b3493a806__tasks_main.yml,41,0,0,0,9,0,3,0,0,0,0,1,0.06,0,0,0,0,0,0,0,0,13,0,0,2,,38,0,1,1,2,0,2,1,0,0,,,,,,,,,,0,0,106,13,0.87,15,2,0.13,4,2,1,,1
,9,0,0,0,0,2,-6.62,iiab__iiab__0000158ab8c851345cca867f338dbcc7726454dc__roles_kolibri_tasks_main.yml,87,0,0,0,30,0,1,0,0,0,0,3,0.23,0,0,0,0,2,0,0,0,0,0,0,0,,81,0,1,3,7,0,12,0.86,2,0.14,,,,,,,,,,0,2,336,0,0,10,10,1,20,11,0.79,,1
,12,0,0,0,0,2,-6.85,debops__debops__4ea3e81a71bd16418cdb4b5a9494d8eaefcdae97__ansible_roles_debops.postgresql_tasks_main.yml,238,0,0,0,146,0,11,0,0,0,0,10,0.36,72,0,0,22,0,0,0,0,0,0,0,0,,167,0,40,10,14,0,19,0.73,7,0.27,,,,,,,,,,0,2,943,0,0,19,19,1,51,24,0.92,,1
,9,0,0,0,0,2,-4.96,CentOS-PaaS-SIG__linchpin__ae522444d1ffe946097f82ed160dee9cb88e4ebb__linchpin_provision_roles_aws_tasks_teardown_res_defs.yml,33,0,0,0,17,0,4,0,0,0,0,4,0.5,4,0,0,0,0,0,0,0,4,0,0,0,,24,0,0,4,1,0,4,1,0,0,,,,,,,,,,0,0,138,0,0,4,4,1,6,4,1,,1
,7,0,0,0,0,2,-5.49,CentOS-PaaS-SIG__linchpin__8fb908c5e9f5048f34b6b2774200055586cff4f6__linchpin_provision_roles_openstack_tasks_provision_os_keypair.yml,63,0,0,0,43,0,14,0,0,0,0,0,0,8,0,0,0,0,0,0,0,0,0,0,0,,63,0,14,0,4,0,9,0.69,4,0.31,,,,,,,,,,0,0,254,0,0,9,5,0.56,13,5,0.38,,1
,1,0,0,0,0,1,-5.1,dev-sec__ansible-os-hardening__3f797f88c14e4b775a615cb8e70c308e5868ed07__tasks_main.yml,18,0,0,0,6,0,4,0,0,0,0,0,0,0,0,0,0,0,0,0,0,12,0,0,1,,18,0,2,0,2,0,1,1,0,0,,,,,,,,,,0,0,67,12,0.92,13,1,0.08,1,1,1,,1
,5,0,0,1,0.03,2,-5.48,CentOS-PaaS-SIG__linchpin__ab757d8341c8aa520e4845bcf9af5a07c1e6fe75__linchpin_provision_roles_openstack_tasks_provision_resource_group.yml,40,0,0,0,14,0,6,0,0,0,0,2,0.22,2,0,0,0,2,0,0,0,1,0,0,0,,38,0,2,1,2,0,8,1,0,0,,,,,,,,,,0,0,144,0,0,8,6,0.75,12,6,0.75,,1
,10,0,0,0,0,3,-5.6,ceph__ceph-ansible__c1e4529b0e44329f561fc46ec96bd081cdd6d38c__roles_ceph-mds_tasks_create_mds_filesystems.yml,67,0,0,2,30,5,9,0,0,0,0,3,0.33,16,0,0,0,0,0,0,0,0,0,0,0,,59,0,1,4,2,0,13,1,0,0,,,,,,,,,,0,0,383,0,0,8,8,1,16,13,1,,1
4,,0,0,0,0,2,-2.81,lean-delivery__ansible-role-java__6d5d8b7b616ac128644ae20f1e245f2515a2f6bd__molecule_cloud-aws-windows-8_playbook.yml,4,,,,0,,0,0,0,,,,,0,,,0,,,,,,,,,0,4,0,0,,,0,1,1,0,0,1,0,0,1,1,0,0,1,0,0,,7,,,,,,,1,1,0,1
,6,0,0,0,0,3,-5.52,idealista__airflow-role__0757017f397710c1b185064fe53e691d893b538c__tasks_install.yml,65,0,0,1,29,0,1,0,0,0,0,4,0.29,0,0,0,0,0,0,0,0,0,0,0,0,,65,0,0,4,7,0,14,0.78,4,0.22,,,,,,,,,,0,0,232,1,0.09,11,10,0.91,14,18,1,,1
,6,0,0,2,0.18,2,-5.13,StackStorm__ansible-st2__c6b6e7ed65039efcd931eb7903aaa2978f294f4c__roles_st2_tasks_version.yml,11,0,0,0,4,1,4,0,0,0,0,1,0.33,0,0,0,0,0,0,0,0,0,0,0,0,,11,0,1,1,2,0,2,1,0,0,,,,,,,,,,0,0,50,0,0,2,2,1,4,2,1,,1
,6,0,0,0,0,2,-4.42,dev-sec__ansible-os-hardening__3da0d929b5b8d08e58e23af2b81e3a36edc64559__tasks_modprobe.yml,11,0,0,0,1,0,0,0,0,0,0,0,0,0,0,0,0,0,0,0,0,0,0,0,0,,11,0,0,0,2,0,2,0.67,1,0.33,,,,,,,,,,0,0,30,0,0,2,2,1,1,3,1,,1
,5,0,0,0,0,2,-6.11,lean-delivery__ansible-role-java__de86760dd5482c47572ffb68a233049a7ddb2a0e__tasks_win_fetch_oracle-fallback.yml,79,0,0,0,13,0,3,0,0,0,0,0,0,8,0,0,0,0,0,0,0,0,0,1,0,,59,0,2,0,6,0,13,0.87,2,0.13,,,,,,,,,,0,0,300,0,0,15,13,0.87,18,13,0.87,,1
,6,0,0,0,0,2,-5.59,StackStorm__ansible-st2__651c69251c5bf6bb92996c4c38305e3c02df20f9__roles_bwc_tasks_license.yml,39,0,0,0,12,0,5,0,0,0,0,0,0,6,0,0,0,0,0,0,0,1,0,0,0,,39,1,2,0,5,0,7,1,0,0,,,,,,,,,,0,0,161,0,0,7,7,1,6,7,1,,1
60,9,0,0,0,0,3,-6.08,ansible__molecule__341fda7be61c599c3d0fe8eec749416b98410498__molecule_cookiecutter_scenario_driver_docker_{{cookiecutter.molecule_directory}}_{{cookiecutter.scenario_name}}_create.yml,54,0,0,0,28,0,1,0,0,0,0,6,0.6,10,0,0,0,0,0,0,0,0,0,0,0,0,54,3,1,5,4,0,6,0.67,3,0.33,1,0,0,1,1,4,4,0,0,0,0,220,0,0,5,5,1,21,9,1,4,1
96,13,0,0,0,0,3,-6.06,ansible__molecule__d7e209fe63ffb33bf9e8a24cbd482e069bc75fac__molecule_provisioner_ansible_playbooks_docker_create.yml,86,0,0,0,60,0,7,0,0,0,0,8,0.57,33,0,0,0,0,0,0,0,0,0,0,0,0,81,0,4,7,6,0,8,0.67,4,0.33,1,0,0,1,1,0,4,0,0,0,0,390,0,0,7,7,1,42,12,1,0,1
,9,0,0,2,0.05,2,-5.99,geerlingguy__drupal-vm__f2cfab26b0cd14bd3c2defb3f4597121c200ae44__provisioning_roles_geerlingguy.drupal_tasks_install-site.yml,37,0,0,0,13,4,7,1,3,0,0,0,0,4,0,0,0,0,0,0,0,0,0,0,0,,28,0,5,0,1,0,4,1,0,0,,,,,,,,,,0,0,165,0,0,4,4,1,16,4,1,,1
,6,0,0,13,0.23,2,-6.25,iiab__iiab__3ea42563d1c00a40f6fc1752f6c70ddf1e864668__roles_1-prep_tasks_detected_redhat.yml,56,0,0,0,26,0,14,0,0,0,0,2,0.15,7,0,0,0,6,0,0,0,0,0,0,0,,54,0,10,2,3,0,11,1,0,0,,,,,,,,,,0,5,290,0,0,11,11,1,17,11,1,,1
,6,0,0,0,0,2,-4.84,ceph__ceph-ansible__638604929b2105c1c224a2858df90d976f91761e__roles_ceph-common_tasks_installs_debian_community_repository.yml,11,0,0,0,2,0,0,0,0,0,0,0,0,1,0,0,0,0,0,0,0,0,0,0,0,,11,1,0,0,2,0,2,1,0,0,,,,,,,,,,0,0,45,0,0,2,2,1,4,2,1,,1
,6,0,0,0,0,2,-6.3,geerlingguy__drupal-vm__d4d2f0c74c23ff76b850f6fdb0edf0a8897cf494__provisioning_tasks_init-debian.yml,63,0,0,0,21,0,11,0,0,0,0,4,0.29,4,0,0,0,0,0,0,0,0,0,0,0,,46,0,7,4,5,0,10,0.83,2,0.17,,,,,,,,,,0,0,204,0,0,10,10,1,7,10,0.83,,1
,6,0,0,2,0.05,2,-5.65,DataDog__ansible-datadog__36b4fa80f9046d3bd637ed0e9eb67c0ce604a3a2__tasks_pkg-redhat.yml,37,0,0,0,8,1,2,0,0,0,0,0,0,0,0,0,0,0,0,0,0,0,0,0,0,,37,0,0,0,5,0,8,0.89,1,0.11,,,,,,,,,,0,0,125,0,0,6,6,1,5,9,1,,1
38,,0,0,0,0,2,-4.41,iiab__iiab__912fff190f51c3584fe0df3b4ebed273375343b0__iiab.yml,17,,,,1,,0,0,0,,,,,0,,,0,,,,,,,,,0,22,0,0,,,0,0,0,0,0,1,1,1,0,0,0,0,9,0,0,,50,,,,,,,0,0,0,1
,12,0,0,3,0.04,2,-6.14,iiab__iiab__d28883dab887cb1553d92934bf79e181ee5a880d__roles_network_tasks_named.yml,82,0,0,0,38,0,4,0,0,0,0,4,0.27,0,0,0,0,0,0,0,0,0,0,0,0,,119,0,8,4,4,0,11,1,0,0,,,,,,,,,,0,0,390,0,0,11,11,1,9,11,1,,1
,7,0,0,1,0.02,2,-6.15,lae__ansible-role-netbox__ab7e407f6c441110f68417b7071f50c2a3785197__tasks_install_via_git.yml,50,0,0,0,21,0,3,1,3,0,0,0,0,3,0,0,0,0,0,0,0,0,0,0,0,,47,0,2,0,4,0,7,1,0,0,,,,,,,,,,0,3,207,0,0,7,7,1,10,7,1,,1
50,5,0,0,31,0.04,4,-6.91,ceph__ceph-ansible__4241b6403fa4b20f64757496e7b54b4606dc4a7a__infrastructure-playbooks_rolling_update.yml,732,0,0,1,184,17,45,0,0,0,0,13,0.09,37,0,0,6,4,0,77,0,0,0,0,0,1,640,0,32,11,9,0,157,0.88,22,0.12,15,0,0,15,1,19,9,0,0,0,3,2038,71,0.55,130,53,0.41,38,78,0.44,19,1
,9,0,0,1,0.05,2,-5.27,iiab__iiab__5862a413e45511fe10d8f8472cdc0c01005ee36b__roles_network_tasks_hosts.yml,22,0,0,0,8,0,6,0,0,0,0,0,0,0,0,0,0,0,0,0,0,0,0,0,0,,22,0,6,0,1,0,3,1,0,0,,,,,,,,,,1,0,120,0,0,3,3,1,2,3,1,,1
,6,0,0,0,0,2,-4.7,nginxinc__ansible-role-nginx__3a2692461847c5e685316bf54127ed01588fd6b9__tasks_modules_install-waf.yml,11,0,0,0,1,0,0,0,0,0,0,0,0,0,0,0,0,0,0,0,0,0,0,0,0,,11,0,0,0,2,0,3,1,0,0,,,,,,,,,,0,0,39,0,0,2,2,1,0,3,1,,1
,9,0,0,0,0,4,-6.64,ansible-ThoTeam__nexus3-oss__a1728e1dab111eb27fef9ab7e67632f97919bfd4__tasks_main.yml,202,0,0,2,89,0,13,1,15,0,0,5,0.2,5,0,0,0,0,0,0,2,0,0,25,2,,195,1,4,8,4,0,24,0.71,10,0.29,,,,,,,,,,0,0,648,10,0.45,22,12,0.55,104,32,0.94,,1
,12,0,0,0,0,2,-5.67,CentOS-PaaS-SIG__linchpin__ab757d8341c8aa520e4845bcf9af5a07c1e6fe75__linchpin_provision_roles_openstack_tasks_provision_os_server.yml,200,0,0,0,150,0,27,0,0,0,0,1,0.06,88,0,0,0,0,0,0,0,0,0,0,0,,200,0,22,8,4,0,17,0.77,5,0.23,,,,,,,,,,0,0,943,0,0,17,12,0.71,47,14,0.64,,1
,16,0,0,1,0.02,2,-5.13,CentOS-PaaS-SIG__linchpin__ae522444d1ffe946097f82ed160dee9cb88e4ebb__linchpin_provision_roles_aws_tasks_teardown_aws_ec2.yml,47,0,0,0,32,0,6,0,0,0,0,2,0.4,6,0,0,0,0,0,0,0,0,0,0,0,,31,0,4,2,2,0,3,1,0,0,,,,,,,,,,0,0,167,0,0,3,3,1,15,3,1,,1
,10,0,0,2,0.01,2,-7,nusenu__ansible-relayor__dc73f16743fa376672b427980c6ca044dd6fa68a__tasks_configure.yml,186,0,0,0,63,0,6,0,0,0,0,15,0.45,10,0,0,0,0,0,0,0,0,0,0,0,,144,0,1,15,8,0,21,0.95,1,0.05,,,,,,,,,,0,2,795,0,0,21,21,1,18,22,1,,1
,4,0,0,1,0.11,2,-4.09,Comcast__ansible-sdkman__792f8d15634a973906ea87a4530aca57cf5ecf0e__tasks_main.yml,9,0,0,1,2,0,0,0,0,0,0,1,0.5,0,0,0,0,0,0,0,0,0,0,2,0,,9,0,0,0,1,0,2,1,0,0,,,,,,,,,,0,0,23,1,0.5,2,1,0.5,2,2,1,,1
,7,0,0,1,0.01,2,-6.59,debops__debops__a636857230676be5da1a15002a6b28ae2a17e497__ansible_roles_debops.proc_hidepid_tasks_main.yml,94,0,0,0,30,2,10,0,0,0,0,1,0.08,1,0,0,2,0,0,0,0,0,0,0,0,,88,0,10,1,8,0,15,0.88,2,0.12,,,,,,,,,,0,0,312,0,0,14,12,0.86,11,15,0.88,,1
175,4,0,0,4,0.03,3,-6.23,geerlingguy__drupal-vm__85b9138b47b93af7646dcde9280d34196f241d06__provisioning_playbook.yml,116,0,0,0,62,0,43,0,0,0,0,8,0.31,7,0,0,0,0,0,0,0,13,1,0,1,0,141,1,7,5,5,0,6,1,0,0,1,1,1,0,0,0,0,38,0,0,0,446,12,0.67,18,6,0.33,9,6,1,0,1
,4,0,0,2,0.05,1,-6.37,dev-sec__ansible-ssh-hardening__224ecf0e76e4915d0d0169157837e5f2c2d2262a__tasks_main.yml,40,0,0,0,27,1,18,1,1,0,0,1,0.08,0,0,0,0,0,0,0,0,0,0,0,1,,40,0,17,0,6,0,11,1,0,0,,,,,,,,,,0,5,254,0,0,11,11,1,5,11,1,,1
,5,0,0,8,0.09,2,-6.76,EMCECS__ECS-CommunityEdition__9a0b67c823e5f4e41deb12b4f67d5186f4c1e01c__ui_ansible_roles_common_baseline_install_tasks_main.yml,90,0,0,0,43,3,8,1,1,0,0,10,0.36,0,0,0,0,0,0,0,0,0,0,0,2,,85,0,5,10,8,0,16,0.94,1,0.06,,,,,,,,,,0,2,359,2,0.11,18,16,0.89,18,17,1,,1
8,10,0,0,1,0.07,3,-4.73,redhat-cop__casl-ansible__5028d82e2f004b82d57b54df1a1faf70b70f3c46__playbooks_openshift_cinder-registry.yml,15,0,0,0,4,0,1,0,0,0,0,1,0.5,0,0,0,0,0,0,0,0,0,0,0,0,0,12,0,0,1,1,0,1,1,0,0,2,2,1,0,0,0,0,1,0,0,0,32,0,0,1,1,1,5,1,1,0,1
,7,0,0,0,0,2,-6.4,redhat-cop__casl-ansible__a1a5857edb6a24d5545d8939ede00dbdd88c023a__roles_openshift-applier_tasks_process-one-entry.yml,104,0,0,0,35,1,15,0,0,0,0,2,0.12,12,0,0,0,1,0,0,2,2,0,0,0,,74,0,1,2,7,0,12,0.86,2,0.14,,,,,,,,,,0,1,400,0,0,14,14,1,25,14,1,,1
,4,0,0,5,0.1,1,-6.06,ceph__ceph-ansible__abd96a22b0f75fd3cb6e9563a9f6cf3744f55544__roles_ceph-radosgw_tasks_install_redhat.yml,51,0,0,0,3,3,1,0,0,0,0,1,0.09,0,0,0,0,1,0,0,0,0,0,0,0,,26,0,0,1,7,0,10,1,0,0,,,,,,,,,,0,1,112,0,0,10,10,1,3,10,1,,1
8,,0,0,0,0,2,-4.02,roots__trellis__ed9903bc2c5b09248c2b97a2f876c63275e0c231__deploy.yml,8,,,,3,,0,0,0,,,,,0,,,0,,,,,,,,,0,7,0,0,,,0,1,1,0,0,1,0,0,1,1,2,0,1,0,0,,23,,,,,,,1,1,2,1
,5,0,0,1,0.01,2,-4.69,Oefenweb__ansible-percona-server__7f2786428f332b30431b2a2208e642845e2415b5__tasks_main.yml,68,0,0,0,3,0,0,0,0,0,0,0,0,3,0,0,0,0,0,0,0,12,0,0,0,,31,0,0,0,2,0,2,1,0,0,,,,,,,,,,0,0,100,12,0.92,13,1,0.08,2,2,1,,1
106,2,0,0,5,0.06,3,-6.08,geerlingguy__drupal-vm__57fb88da9ef8dcc92f5ddc7cbced662224201a5b__provisioning_playbook.yml,82,0,0,0,44,0,31,0,0,0,0,5,0.22,4,0,0,0,0,0,0,0,13,0,0,1,0,92,0,3,5,5,0,6,1,0,0,1,1,1,0,0,0,1,33,0,0,0,312,12,0.67,18,6,0.33,8,6,1,0,1
,4,0,0,9,0.33,2,-5.54,openfun__arnold__788fe96c3b4364401f8c6e3526f79f3a2d6baae7__tasks_get_vault_for_app.yml,27,0,0,0,17,0,2,0,0,0,0,0,0,1,0,0,0,0,0,0,0,0,0,1,1,,27,0,6,0,4,0,6,1,0,0,,,,,,,,,,0,0,113,1,0.14,7,6,0.86,11,6,1,,1
,11,0,0,2,0.18,2,-4.4,anthcourtney__ansible-role-cis-amazon-linux__3779b2ae4ca261d75589b690c0a6213817fa5872__tasks_level-1_1.4.1.yml,11,0,0,0,1,0,0,0,0,0,0,0,0,0,0,0,0,0,0,0,0,0,0,0,0,,8,0,0,0,1,0,1,1,0,0,,,,,,,,,,0,0,25,0,0,1,1,1,1,1,1,,1
,8,0,0,0,0,2,-4.84,gantsign__ansible-role-visual-studio-code__b268e1217f6f3df3825fee71a9d727b5616b51c9__tasks_install-dnf.yml,14,0,0,0,1,0,0,0,0,0,0,0,0,1,0,0,0,0,0,0,0,0,0,0,0,,14,0,0,0,2,0,3,0.75,1,0.25,,,,,,,,,,0,0,45,0,0,2,2,1,0,4,1,,1
,8,0,0,1,0.07,2,-5.28,openfun__arnold__ce20699e8183fea3f953fa9e4f6ed0d7a384134c__tasks_create_route_aliases.yml,14,0,0,0,7,0,4,0,0,0,0,3,0.75,2,0,0,0,0,0,0,0,0,0,0,0,,14,0,2,2,1,0,2,1,0,0,,,,,,,,,,0,0,64,0,0,2,2,1,4,2,1,,1
,7,1,0.03,22,0.61,2,-5.8,EMCECS__ECS-CommunityEdition__9a0b67c823e5f4e41deb12b4f67d5186f4c1e01c__ui_ansible_roles_CentOS_7_reboot_tasks_main.yml,36,0,0,0,19,0,22,0,0,0,0,0,0,1,0,0,0,2,0,0,0,0,0,0,0,,27,0,17,0,2,0,5,1,0,0,,,,,,,,,,0,2,207,0,0,5,5,1,3,5,1,,1
,6,0,0,1,0.02,2,-5.69,Comcast__ansible-sdkman__792f8d15634a973906ea87a4530aca57cf5ecf0e__tasks_install.yml,55,0,0,0,25,1,4,1,1,0,0,2,0.18,3,0,0,0,0,0,0,0,0,0,1,1,,52,0,3,2,8,0,9,0.9,1,0.1,,,,,,,,,,0,0,174,0,0,9,9,1,11,10,1,,1
,7,0,0,7,0.16,2,-5.84,sensu__sensu-ansible__29fb71a287fd38828c1d6a8ea399b80e48bee30a__tasks_Amazon_rabbit.yml,45,0,0,0,6,1,0,1,1,0,0,2,0.22,0,0,0,0,0,0,0,0,0,0,0,1,,39,0,0,2,5,0,11,1,0,0,,,,,,,,,,1,0,116,1,0.14,7,6,0.86,4,11,1,,1
,7,0,0,1,0.03,3,-6.27,StackStorm__ansible-st2__651c69251c5bf6bb92996c4c38305e3c02df20f9__roles_bwc_tasks_bwc_repos_setup.yml,39,0,0,0,8,0,3,0,0,0,0,0,0,0,0,0,0,0,0,0,0,2,0,0,0,,37,1,1,0,5,0,5,0.83,1,0.17,,,,,,,,,,0,0,123,0,0,6,6,1,8,6,1,,1
9,,0,0,2,0.11,2,-3.76,manala__manalize__295df49c05c9eb9248892917a2f9aae8b306642f__src_Resources_envs_custom_ansible_ansible.yml,18,,,,1,,0,0,0,,,,,0,,,0,,,,,,,,,0,11,0,0,,,0,0,0,0,0,2,2,1,0,0,3,0,1,0,0,,25,,,,,,,0,0,3,1
,12,0,0,0,0,2,-5.66,CentOS-PaaS-SIG__linchpin__f816b9c0f0bc5a3243285fb2980cf70e56d93802__linchpin_provision_roles_openstack_tasks_provision_os_server.yml,163,0,0,0,108,0,13,0,0,0,0,1,0.07,68,0,0,0,0,0,0,0,0,0,0,0,,156,0,6,7,4,0,14,0.78,4,0.22,,,,,,,,,,0,0,700,0,0,14,14,1,47,16,0.89,,1
180,3,0,0,3,0.03,3,-5.99,geerlingguy__drupal-vm__dd02ae567470136e460b49fd575b2f33c2c2df4f__provisioning_playbook.yml,103,0,0,0,57,0,40,0,0,0,0,6,0.3,4,0,0,0,0,0,0,0,12,0,0,0,0,143,0,6,4,2,0,4,1,0,0,1,1,1,0,0,0,0,42,0,0,0,426,10,0.71,14,4,0.29,7,4,1,0,1
,6,0,0,28,0.17,2,-6.92,iiab__iiab__8cf3d6d457274858e244fea4409c9fae06965ce7__roles_0-init_tasks_main.yml,164,0,0,0,56,0,15,0,0,0,0,2,0.06,2,0,0,0,1,0,0,0,0,0,3,0,,164,0,9,2,8,0,29,1,0,0,,,,,,,,,,0,1,548,0,0,29,29,1,49,29,1,,1
,10,0,0,0,0,2,-5.44,CentOS-PaaS-SIG__linchpin__80540ce000cb7bf3629d01a1a113088769e8d1d9__linchpin_provision_roles_openstack_tasks_provision_os_volume.yml,96,0,0,0,70,0,24,0,0,0,0,4,0.29,9,0,0,0,0,0,0,0,0,0,0,0,,78,0,21,4,3,0,10,1,0,0,,,,,,,,,,0,1,410,0,0,10,2,0.2,18,2,0.2,,1
13,1,0,0,0,0,3,-5.2,gc3-uzh-ch__elasticluster__70d89a99b698ac97001b69b502029346238d97aa__elasticluster_share_playbooks_roles_gridengine.yml,39,0,0,0,4,0,0,0,0,0,0,0,0,0,0,0,0,0,0,0,0,3,0,0,0,0,40,0,0,0,1,0,3,1,0,0,3,0,0,3,1,0,0,3,0,0,0,77,3,1,3,0,0,0,3,1,0,1
,7,0,0,0,0,2,-5.22,DataDog__ansible-datadog__36b4fa80f9046d3bd637ed0e9eb67c0ce604a3a2__tasks_agent5.yml,27,0,0,0,8,0,1,0,0,0,0,1,0.2,1,0,0,0,0,0,0,0,0,0,0,0,,27,0,1,1,2,0,6,1,0,0,,,,,,,,,,0,0,84,0,0,4,4,1,4,4,0.67,,1
,7,0,0,7,0.17,2,-5.85,openfun__arnold__3196a7ed4ae02f79699a572e8e6858868f047c4c__tasks_delete_app.yml,40,0,0,0,15,0,2,0,0,0,0,2,0.25,11,0,0,0,0,0,0,0,0,0,0,0,,34,0,1,3,2,0,5,0.62,3,0.38,,,,,,,,,,0,0,172,0,0,7,7,1,12,8,1,,1
,4,0,0,1,0.03,2,-5.31,CentOS-PaaS-SIG__linchpin__53f89b67c81815233e4db001bcb69bdc0585d279__provision_roles_common_tasks_main.yml,36,0,0,0,10,0,1,0,0,0,0,1,0.09,12,0,0,0,0,0,0,0,0,0,0,1,,36,0,0,0,2,0,11,1,0,0,,,,,,,,,,0,0,171,0,0,11,11,1,14,11,1,,1
,5,0,0,0,0,2,-5.66,roots__trellis__7f77ecfd904304d137e24dbeb36a6b6446896a4f__roles_deploy_hooks_finalize-after.yml,30,0,0,0,12,4,1,1,5,0,0,0,0,2,0,0,0,0,0,0,0,0,0,0,0,,30,0,4,0,3,0,6,1,0,0,,,,,,,,,,0,1,134,0,0,6,6,1,3,6,1,,1
,7,0,0,15,0.6,3,-5.82,ansible-community__ara__0f8d2066591bf2e140e7a9d90bc68d8a17233812__roles_ara_api_tasks_database_engine_django.db.backends.postgresql.yaml,25,1,1,1,8,1,1,0,0,0,0,2,0.4,5,0,0,0,0,0,0,0,0,0,0,0,,25,0,0,0,3,0,6,0.86,1,0.14,,,,,,,,,,0,0,108,1,0.25,4,3,0.75,5,7,1,,1
,9,0,0,1,0.01,2,-6.3,New-Edge-Engineering__ansible-rundeck__7fdc49175f7ad5cf9465727d7f9a8f9b05aa775c__tasks_install_debian.yml,127,0,0,0,7,0,2,0,0,0,0,3,0.18,1,0,0,0,0,0,0,0,0,0,0,0,,87,0,0,3,9,0,15,0.88,2,0.12,,,,,,,,,,0,1,298,0,0,14,14,1,6,15,0.88,,1
4,,0,0,0,0,2,-2.81,lean-delivery__ansible-role-java__74eaa6cce5826620ae704a450db1d56f15cc48c3__molecule_cloud-aws-windows-11_playbook.yml,4,,,,0,,0,0,0,,,,,0,,,0,,,,,,,,,0,4,0,0,,,0,1,1,0,0,1,0,0,1,1,0,0,1,0,0,,7,,,,,,,1,1,0,1
,10,0,0,0,0,3,-6.64,lae__ansible-role-netbox__ab7e407f6c441110f68417b7071f50c2a3785197__tasks_deploy_netbox.yml,117,0,0,2,56,0,7,0,0,0,0,3,0.23,1,0,0,6,0,0,0,0,2,0,0,0,,102,0,8,1,6,0,16,1,0,0,,,,,,,,,,0,0,429,4,0.33,12,8,0.67,12,16,1,,1
,4,0,0,4,0.07,2,-5.23,iiab__iiab__1a4125a268ebc5db039d34e533cd63426c139932__roles_4-server-options_tasks_main.yml,55,0,0,0,7,2,1,0,0,0,0,0,0,0,0,0,0,0,0,0,0,0,9,0,0,,51,0,1,0,4,0,22,1,0,0,,,,,,,,,,3,0,119,0,0,13,13,1,0,22,1,,1
,5,0,0,1,0.02,2,-5.14,iiab__iiab__8b692493605b97cdf3d3cee13b5d15b474a6b9e7__roles_8-mgmt-tools_tasks_main.yml,48,0,0,0,13,1,5,0,0,0,0,0,0,0,0,0,0,0,0,0,0,0,8,0,0,,48,0,5,0,3,0,18,1,0,0,,,,,,,,,,0,0,115,0,0,10,10,1,0,18,1,,1
9,8,0,0,1,0.03,2,-5.59,CentOS-PaaS-SIG__linchpin__e8bc9eb3a3ca55c24da4381e628552ce7c874809__provision_site.yml,38,0,0,0,11,0,9,0,0,0,0,1,0.5,1,0,0,0,0,0,0,0,0,0,0,1,0,41,0,1,1,1,0,6,1,0,0,5,0,0,5,1,0,0,10,0,0,0,143,0,0,1,1,1,2,6,1,0,1
,5,0,0,0,0,2,-5.15,lae__ansible-role-netbox__ab7e407f6c441110f68417b7071f50c2a3785197__tasks_generate_secret_key.yml,13,0,0,0,5,0,0,1,1,0,0,0,0,3,0,0,0,0,0,0,0,0,0,0,0,,13,0,0,0,3,0,3,1,0,0,,,,,,,,,,0,1,59,0,0,3,3,1,5,3,1,,1
,7,0,0,2,0.04,2,-6.5,cloudalchemy__ansible-grafana__df5655e3b80d85c762f603ed24370dff196bcd48__tasks_preflight.yml,53,0,0,0,32,0,33,0,0,0,0,2,0.18,0,0,0,0,0,0,0,0,0,0,0,0,,37,0,23,2,2,0,9,1,0,0,,,,,,,,,,0,0,327,0,0,9,9,1,4,9,1,,1
,13,0,0,0,0,2,-4.64,geerlingguy__drupal-vm__57fb88da9ef8dcc92f5ddc7cbced662224201a5b__provisioning_tasks_cron.yml,13,0,0,0,10,0,1,0,0,0,0,1,0.5,6,0,0,0,0,0,0,0,0,0,0,0,,13,0,0,1,1,0,1,0.5,1,0.5,,,,,,,,,,0,0,65,0,0,1,1,1,9,2,1,,1
,12,0,0,6,0.12,2,-5.19,anthcourtney__ansible-role-cis-amazon-linux__3779b2ae4ca261d75589b690c0a6213817fa5872__tasks_level-1_5.2.15.yml,48,0,0,0,12,0,8,0,0,0,0,0,0,0,0,0,0,0,0,0,0,0,0,0,0,,32,0,4,0,1,0,4,1,0,0,,,,,,,,,,0,0,128,0,0,4,4,1,4,4,1,,1
,8,0,0,31,0.21,2,-6.83,iiab__iiab__6e7248140cc19fe902ab737de9b6850023ea6ab5__roles_nextcloud_tasks_main.yml,145,0,0,0,84,0,3,0,0,0,0,2,0.1,0,0,0,0,0,0,0,0,0,0,1,0,,120,0,18,2,11,0,18,0.45,22,0.55,,,,,,,,,,0,0,581,1,0.05,19,18,0.95,22,40,1,,1
,17,0,0,66,0.03,4,-8.76,MindPointGroup__RHEL7-STIG__06b8cc920c7980178d8fe40a24ac4ca8dd8b56b5__tasks_fix-cat2.yml,2183,0,0,29,447,28,55,1,3,0,0,45,0.29,70,0,0,0,1,0,0,0,0,0,4,0,,1700,0,18,46,14,0,236,0.96,10,0.04,,,,,,,,,,2,1,9138,7,0.05,141,132,0.94,139,208,0.85,,1
,5,0,0,1,0.04,2,-4.71,iiab__iiab__5c61e086d8bb75e52920bbf38869cf3fc765355e__roles_9-local-addons_tasks_main.yml,23,0,0,0,3,1,0,0,0,0,0,0,0,0,0,0,0,0,0,0,0,0,3,0,0,,23,0,0,0,3,0,8,1,0,0,,,,,,,,,,0,0,49,0,0,5,5,1,0,8,1,,1
,6,0,0,0,0,2,-4.95,nginxinc__ansible-role-nginx__91bd842e9e6d64f7684aba7cd9861252117c9c26__tasks_modules_install-geoip.yml,18,0,0,0,2,0,2,0,0,0,0,0,0,0,0,0,0,0,0,0,0,0,0,0,0,,16,0,0,0,2,0,5,1,0,0,,,,,,,,,,0,0,61,0,0,3,3,1,0,5,1,,1
,6,1,0.05,26,1.37,2,-5.84,EMCECS__ECS-CommunityEdition__4d2adf16d7b306d2ed56d6dd818aa92dba407e4a__ui_ansible_roles_CentOS_7_reboot_tasks_main.yml,19,0,0,0,4,1,3,0,0,0,0,0,0,0,0,0,0,0,0,0,0,0,0,0,0,,18,0,3,0,3,0,4,1,0,0,,,,,,,,,,0,1,126,0,0,4,4,1,1,4,1,,1
,8,0,0,2,0.25,2,-4.77,anthcourtney__ansible-role-cis-amazon-linux__0583805c7441b53523990b7bc649aa00b2fa882c__tasks_level-1_3.6.5.yml,8,0,0,0,0,0,0,0,0,0,0,0,0,0,0,0,0,0,0,0,0,0,0,0,0,,4,0,0,0,1,0,1,1,0,0,,,,,,,,,,0,0,30,0,0,1,1,1,0,1,1,,1
,8,0,0,0,0,2,-4.84,gantsign__ansible-role-visual-studio-code__b268e1217f6f3df3825fee71a9d727b5616b51c9__tasks_install-yum.yml,14,0,0,0,1,0,0,0,0,0,0,0,0,1,0,0,0,0,0,0,0,0,0,0,0,,14,0,0,0,2,0,3,0.75,1,0.25,,,,,,,,,,0,0,45,0,0,2,2,1,0,4,1,,1
,6,0,0,2,0.08,2,-4.91,sensu__sensu-ansible__181c3b8a50c92c34d2e5844bad6c8f96de561859__tasks_Fedora_rabbit.yml,24,0,0,0,1,0,0,0,0,0,0,0,0,0,0,0,0,0,0,0,0,0,0,0,1,,22,0,0,0,3,0,7,1,0,0,,,,,,,,,,0,0,54,1,0.25,4,3,0.75,1,7,1,,1
,6,0,0,0,0,2,-5.65,redhat-cop__casl-ansible__3b06f0cf5d76bff1932967f8e32314122d54e933__roles_openshift-applier_tasks_check-file-location.yml,30,0,0,0,12,0,7,0,0,0,0,0,0,0,0,0,0,1,0,0,0,0,0,0,0,,24,0,4,0,3,0,5,1,0,0,,,,,,,,,,0,0,135,0,0,5,5,1,7,5,1,,1
,6,0,0,0,0,2,-6.33,roots__trellis__2756c7e90a6aba963e89ccdf7a19b5f476c583cf__roles_wordpress-install_tasks_main.yml,56,0,0,0,16,5,6,1,4,0,0,6,0.43,4,0,0,0,0,0,0,0,1,0,0,0,,39,0,4,6,4,0,7,1,0,0,,,,,,,,,,0,0,218,1,0.12,8,7,0.88,15,7,1,,1
,5,0,0,0,0,2,-2.92,DataDog__ansible-datadog__36b4fa80f9046d3bd637ed0e9eb67c0ce604a3a2__handlers_main.yml,5,0,0,0,1,0,0,0,0,0,0,0,0,0,0,0,0,0,0,0,0,0,0,0,0,,5,0,0,0,1,0,2,1,0,0,,,,,,,,,,0,0,10,0,0,1,1,1,0,2,1,,1
,12,0,0,1,0.05,2,-5,openfun__arnold__3196a7ed4ae02f79699a572e8e6858868f047c4c__tasks_deploy_patch_route.yml,20,0,0,0,10,0,4,0,0,0,0,2,1,2,0,0,0,0,0,0,0,0,0,0,0,,20,0,2,2,0,0,0,0,2,1,,,,,,,,,,0,0,94,0,0,2,2,1,5,2,1,,1
,11,0,0,0,0,2,-5.46,geerlingguy__ansible-role-security__cbc033321e72fba149274586a87ed1e0d697defd__tasks_ssh.yml,32,0,0,0,12,0,2,0,0,0,0,3,0.5,0,0,0,0,0,0,0,0,0,0,0,0,,32,0,0,3,1,0,3,1,0,0,,,,,,,,,,0,0,118,0,0,3,3,1,7,3,1,,1
,2,0,0,0,0,1,-4.51,geerlingguy__drupal-vm__e712f1f6449f3aa3abbd189f7dd803a1d104c335__provisioning_requirements.yml,80,0,0,0,0,0,0,0,0,0,0,80,1,0,0,0,0,0,0,0,0,0,0,0,0,,80,0,0,0,0,0,0,0,0,0,,,,,,,,,,0,0,160,40,1,40,0,0,0,0,0,,1
,4,0,0,0,0,2,-6.12,dev-sec__ansible-os-hardening__83557bb05725297dd6b16ad9cd72e6cd11c0e103__tasks_user_accounts.yml,27,0,0,0,9,1,4,0,0,0,0,1,0.12,5,0,0,1,0,0,0,0,0,0,0,0,,26,0,3,1,4,0,7,1,0,0,,,,,,,,,,0,1,133,0,0,7,7,1,8,7,1,,1
,4,0,0,9,0.16,1,-5.71,elastic__ansible-elasticsearch__2c69fbcb405c09b1912db19056480ab23b0a5444__tasks_elasticsearch-config.yml,55,0,0,0,21,0,6,0,0,0,0,2,0.11,0,0,0,0,0,0,0,0,0,0,0,0,,49,0,4,2,2,0,17,1,0,0,,,,,,,,,,0,0,246,0,0,17,13,0.76,13,13,0.76,,1
,8,0,0,0,0,2,-6.03,StackStorm__ansible-st2__d830125f2b0bd847010ff3cd9dee9dc735f71572__roles_st2mistral_tasks_main.yml,80,0,0,0,7,0,4,1,3,0,0,0,0,0,0,0,0,0,0,0,0,0,0,0,0,,76,0,1,0,6,0,13,0.93,1,0.07,,,,,,,,,,0,3,216,0,0,10,10,1,6,14,1,,1
,7,0,0,10,0.23,2,-5.54,openfun__arnold__8cf5b4fbc494fbc1554cc118cd541b37476c5fed__tasks_create_app_htpasswd.yml,44,0,0,0,13,1,0,0,0,0,0,4,0.36,10,0,0,0,1,0,0,0,0,0,1,0,,34,1,0,4,6,0,6,0.86,1,0.14,,,,,,,,,,0,1,156,1,0.14,7,6,0.86,10,7,1,,1
81,5,0,0,3,0.04,3,-6.4,ansible__molecule__55c9ea13e0e5140b507629f4af1c76dbb7c34a9d__molecule_cookiecutter_scenario_verifier_inspec_{{cookiecutter.molecule_directory}}_{{cookiecutter.scenario_name}}_verify.yml,76,0,0,0,31,1,16,0,0,0,0,4,0.22,1,0,0,0,1,0,0,0,0,0,0,0,0,75,1,8,4,10,0,15,0.94,1,0.06,1,0,0,1,1,3,2,0,0,0,1,287,0,0,14,14,1,13,16,1,3,1
,8,0,0,19,0.12,2,-7.14,debops__debops__f8270a01555d8932e62981810c1caadf6584f6c2__ansible_roles_debops.owncloud_tasks_setup_owncloud.yml,155,0,0,0,53,3,12,0,0,0,0,5,0.2,14,0,0,3,0,0,0,0,3,0,0,0,,124,0,11,5,7,0,22,1,0,0,,,,,,,,,,0,0,544,0,0,20,20,1,28,22,1,,1
,2,0,0,1,0,1,-4.97,anthcourtney__ansible-role-cis-amazon-linux__0583805c7441b53523990b7bc649aa00b2fa882c__tasks_level-1.yml,382,0,0,0,191,0,382,0,0,0,0,0,0,0,0,0,0,0,0,0,0,191,0,0,0,,382,0,191,0,1,0,0,0,0,0,,,,,,,,,,0,0,1337,191,1,191,0,0,0,0,0,,1
,7,0,0,0,0,2,-4.39,StackStorm__ansible-st2__e40a7c89eaec53ec3a9dc7ec20e865c927965db5__roles_nginx_tasks_nginx_yum.yml,35,0,0,0,1,0,0,0,0,0,0,0,0,0,0,0,0,0,0,0,0,0,0,0,0,,35,0,0,0,4,0,9,1,0,0,,,,,,,,,,0,0,81,0,0,5,5,1,1,7,0.78,,1
,5,0,0,5,0.07,2,-6.71,EMCECS__ECS-CommunityEdition__4d2adf16d7b306d2ed56d6dd818aa92dba407e4a__ui_ansible_roles_common_baseline_install_tasks_main.yml,72,0,0,0,37,3,5,1,1,0,0,10,0.4,0,0,0,0,0,0,0,0,0,0,0,2,,68,0,3,10,8,0,13,0.93,1,0.07,,,,,,,,,,0,2,292,2,0.13,15,13,0.87,18,14,1,,1
,7,0,0,18,0.39,2,-6.01,iiab__iiab__086df861fd60580bf33a0b63fa4c3562f9edafa8__roles_kalite_tasks_install.yml,46,0,0,0,18,0,2,0,0,0,0,2,0.22,0,0,0,0,0,0,0,0,0,0,0,0,,51,0,4,2,5,0,9,0.9,1,0.1,,,,,,,,,,0,0,170,0,0,7,7,1,11,8,0.8,,1
,6,0,0,0,0,2,-6.45,iiab__iiab__467320a5fa00c17941c39f3be33b2c7857afcf2a__roles_awstats_tasks_install.yml,93,0,0,0,28,2,5,0,0,0,0,3,0.17,0,0,0,0,0,0,0,0,0,0,0,0,,84,0,11,3,6,0,15,0.88,2,0.12,,,,,,,,,,0,2,309,0,0,15,15,1,6,15,0.88,,1
,6,0,0,0,0,2,-5.55,nginxinc__ansible-role-nginx__532231609901be970493e6906a78ec5582249538__tasks_conf_template-config.yml,48,0,0,0,12,0,0,0,0,0,0,2,0.2,4,0,0,0,0,0,0,0,0,0,0,0,,46,0,0,2,4,0,8,1,0,0,,,,,,,,,,0,0,176,0,0,8,8,1,2,8,1,,1
,5,0,0,0,0,3,-6.26,debops__debops__cfce85fcf476da750d299781025c42036e7b1d81__ansible_roles_debops.gitlab_tasks_main.yml,85,0,0,0,27,0,1,0,0,0,0,1,0.05,14,0,0,2,0,0,0,0,8,0,0,0,,82,0,0,1,9,0,10,0.71,4,0.29,,,,,,,,,,0,0,289,8,0.44,18,10,0.56,13,14,1,,1
,3,0,0,2,0.2,2,-4.57,sensu__sensu-ansible__f056b4c9c4506f77941976f1db7dd9e016c016d7__tasks_Fedora_redis.yml,10,0,0,0,3,0,0,0,0,0,0,0,0,0,0,0,0,0,0,0,0,0,0,0,1,,10,0,0,0,3,0,2,0.67,1,0.33,,,,,,,,,,0,0,33,1,0.33,3,2,0.67,3,3,1,,1
,13,0,0,3,0.04,2,-6.05,iiab__iiab__ad8509bbbbcef78d4a59feff8b18a9e84512dd2d__roles_network_tasks_named.yml,80,0,0,0,36,0,5,0,0,0,0,4,0.29,0,0,0,0,0,0,0,0,0,0,0,0,,117,0,8,4,4,0,10,1,0,0,,,,,,,,,,0,0,371,0,0,10,8,0.8,9,8,0.8,,1
,5,0,0,0,0,2,-5.39,atosatto__ansible-dockerswarm__3d3edc06b5c34f77f6712f2884f2180743e00ccd__tasks_docker_engine.yml,47,0,0,0,12,0,5,0,0,0,0,1,0.1,0,0,0,0,0,0,0,0,0,0,0,0,,47,0,0,1,7,0,14,0.88,2,0.12,,,,,,,,,,0,0,143,0,0,9,9,1,7,16,1,,1
,6,1,0.01,15,0.16,1,-4.89,iiab__iiab__1a4125a268ebc5db039d34e533cd63426c139932__roles_network_tasks_main.yml,93,0,0,0,14,0,6,0,0,0,0,0,0,0,0,0,0,0,0,0,0,0,0,14,0,,48,0,7,0,2,0,5,1,0,0,,,,,,,,,,0,0,142,11,0.69,16,5,0.31,2,5,1,,1
,6,0,0,3,0.04,2,-6.38,geerlingguy__drupal-vm__bdf6a3cd003e6f4652ce8e8839fa7cc1d6674a89__provisioning_tasks_init-debian.yml,84,0,0,0,27,0,14,0,0,0,0,5,0.26,3,0,0,0,0,0,0,0,0,0,0,0,,65,0,8,5,6,0,14,0.82,3,0.18,,,,,,,,,,0,0,263,0,0,14,14,1,9,14,0.82,,1
,4,0,0,4,0.15,1,-5.75,elastic__ansible-elasticsearch__444cab9cd234efc041454091725db9efa2ff85aa__tasks_elasticsearch-RedHat.yml,27,0,0,0,14,0,7,0,0,0,0,0,0,0,0,0,0,0,0,0,0,0,0,0,0,,27,0,1,0,4,0,8,1,0,0,,,,,,,,,,0,0,142,0,0,8,8,1,8,8,1,,1
,9,0,0,0,0,2,-6.7,CentOS-PaaS-SIG__linchpin__6fbd17ea77122b0212b9fcb3af56257ca38c244d__linchpin_provision_roles_libvirt_tasks_provision_libvirt_node.yml,322,0,0,0,178,5,55,1,2,0,0,22,0.36,36,0,0,0,4,0,0,0,2,0,1,0,,259,1,30,22,9,0,38,0.9,4,0.1,,,,,,,,,,0,8,1321,1,0.03,39,30,0.77,51,34,0.81,,1
,8,0,0,0,0,3,-5.9,Graylog2__graylog-ansible-role__b8ebd17d2ac83f5d400d7197b20bf4372d6df416__tasks_mongodb-Debian.yml,56,0,0,2,10,0,3,0,0,0,0,2,0.29,0,0,0,0,0,0,0,0,0,0,0,0,,50,0,0,0,4,0,9,1,0,0,,,,,,,,,,0,0,155,3,0.43,7,4,0.57,6,9,1,,1
,7,0,0,18,0.21,3,-5.56,CentOS-PaaS-SIG__linchpin__f844bbef7fbaf6b9bd44dc361f1c87ffd6e604cc__provision_roles_output_writer_tasks_main.yml,85,0,0,0,62,0,16,0,0,0,0,1,0.08,5,0,0,0,0,0,0,0,1,0,0,1,,83,0,6,1,6,0,11,1,0,0,,,,,,,,,,0,0,345,1,0.08,12,11,0.92,26,11,1,,1
,4,0,0,0,0,2,-5.16,geerlingguy__ansible-role-nodejs__2d0021d90ac0b19051778c711f61adf35527a012__tasks_setup-Debian.yml,15,0,0,0,4,0,0,0,0,0,0,1,0.2,1,0,0,0,0,0,0,0,0,0,0,0,,13,0,0,1,3,0,4,1,0,0,,,,,,,,,,0,0,62,0,0,4,4,1,3,4,1,,1
,8,0,0,1,0.07,2,-4.58,elastic__ansible-elasticsearch__2c69fbcb405c09b1912db19056480ab23b0a5444__tasks_elasticsearch-optional-user.yml,15,0,0,0,5,0,0,0,0,0,0,0,0,0,0,0,0,0,0,0,0,0,0,0,0,,15,0,0,0,2,0,2,0.5,2,0.5,,,,,,,,,,0,0,58,0,0,2,2,1,4,4,1,,1
,6,0,0,3,0.11,2,-5.97,geerlingguy__drupal-vm__72c4197e179b11f7a58e8b32e76fb7a6e9919d9b__provisioning_tasks_www.yml,28,0,0,0,7,0,3,0,0,0,0,2,0.29,0,0,0,0,0,0,0,0,0,0,0,0,,26,0,0,2,4,0,5,1,0,0,,,,,,,,,,0,0,99,0,0,5,5,1,5,5,1,,1
,14,0,0,5,0.08,2,-6.66,iiab__iiab__3693a2249b28b4c2317ff00793afc532e40ce960__roles_2-common_tasks_packages.yml,65,0,0,0,9,0,1,0,0,0,0,0,0,0,0,0,0,0,0,0,0,0,0,0,0,,22,0,4,0,2,0,47,0.98,1,0.02,,,,,,,,,,0,0,156,0,0,5,5,1,1,48,1,,1
,8,0,0,8,0.04,1,-6.99,nusenu__ansible-relayor__95a0ffb87f5a5ecbf178ee4a5b4f890acaba6cbe__tasks_configure.yml,182,0,0,0,47,0,6,0,0,0,0,16,0.46,10,0,0,0,0,0,0,0,0,0,0,0,,96,0,0,16,8,0,22,1,0,0,,,,,,,,,,0,2,730,0,0,22,22,1,21,22,1,,1
,6,0,0,1,0.01,2,-6.05,lae__ansible-role-netbox__ab7e407f6c441110f68417b7071f50c2a3785197__tasks_main.yml,78,0,0,0,29,0,6,0,0,0,0,2,0.12,4,0,0,4,0,0,0,0,3,0,0,1,,64,0,2,2,8,0,13,0.72,5,0.28,,,,,,,,,,0,0,246,3,0.21,14,11,0.79,17,16,0.89,,1
77,7,0,0,3,0.04,4,-6.11,ansible__molecule__50f2f724cefa9e17d4e4201107f87a87b6713d14__molecule_cookiecutter_scenario_driver_ec2_{{cookiecutter.molecule_directory}}_{{cookiecutter.scenario_name}}_create.yml,67,0,0,0,30,0,0,0,0,0,0,3,0.3,9,0,0,0,0,0,0,0,2,0,0,0,0,75,3,0,3,5,0,6,1,0,0,1,0,0,1,1,10,2,0,0,0,0,242,2,0.29,7,5,0.71,21,6,1,10,1
,3,0,0,1,0.12,1,-3.48,anthcourtney__ansible-role-cis-amazon-linux__3779b2ae4ca261d75589b690c0a6213817fa5872__tasks_main.yml,8,0,0,0,6,0,0,0,0,0,0,0,0,0,0,0,0,0,0,0,0,3,0,0,0,,8,0,1,0,1,0,0,0,0,0,,,,,,,,,,0,0,22,3,1,3,0,0,1,0,0,,1
,5,0,0,0,0,1,-5.83,elastic__ansible-elasticsearch__2c69fbcb405c09b1912db19056480ab23b0a5444__tasks_elasticsearch-RedHat.yml,20,0,0,0,10,0,3,0,0,0,0,0,0,0,0,0,3,0,0,0,0,1,0,0,0,,20,0,2,0,3,0,5,1,0,0,,,,,,,,,,0,0,109,0,0,5,5,1,6,5,1,,1
,11,0,0,0,0,2,-5.82,iiab__iiab__b652dbe7ab25a86f31151f0da7c22e37fd870e38__roles_transmission_tasks_main.yml,85,0,0,0,27,0,1,0,0,0,0,3,0.27,0,0,0,0,2,0,0,0,0,0,0,0,,80,0,1,3,6,0,11,0.92,1,0.08,,,,,,,,,,0,1,258,0,0,8,8,1,17,9,0.75,,1
,7,0,0,0,0,1,-4.98,jdauphant__ansible-role-nginx__9db2fd6d9a5b9a8a3b3375e75c92a8adf5eea0b5__tasks_installation.packages.yml,35,0,0,0,20,0,6,0,0,0,0,5,0.42,0,0,0,2,0,0,0,0,0,0,0,0,,35,0,2,5,4,0,7,1,0,0,,,,,,,,,,0,0,155,0,0,7,2,0.29,8,2,0.29,,1
7,1,0,0,0,0,2,-4,redhat-cop__casl-ansible__4e6a94b5958e29d97b1e64490748067c817f2174__playbooks_openshift_delete-openstack.yml,7,0,0,0,1,0,0,0,0,0,0,0,0,0,0,0,0,0,0,0,1,0,0,0,0,0,7,0,0,0,1,0,0,0,0,0,1,1,1,0,0,0,0,1,0,0,0,16,1,1,1,0,0,0,0,0,0,1
,4,0,0,0,0,2,-6.17,dev-sec__ansible-os-hardening__a9095928acc9811bc9b42708216981148a58d898__tasks_user_accounts.yml,26,0,0,0,9,1,4,1,2,0,0,3,0.3,4,0,0,1,0,0,0,0,0,0,0,0,,25,0,3,1,4,0,7,1,0,0,,,,,,,,,,0,1,131,0,0,7,7,1,8,7,1,,1
43,6,0,0,21,0.04,3,-7.72,ceph__ceph-ansible__150acba8c532f059f99a3724382c5f25fc91cdb4__infrastructure-playbooks_purge-cluster.yml,474,0,0,0,105,8,30,0,0,0,0,18,0.26,36,0,0,0,1,0,0,0,0,0,0,0,1,369,0,2,16,11,0,75,0.87,11,0.13,11,0,0,11,1,11,16,0,0,0,15,1544,1,0.02,56,55,0.98,45,74,0.86,11,1
,12,0,0,12,0.5,3,-5.6,ansible-community__ara__0457e8ef97e0c0bb5680c274463f305832f8add7__roles_ara_api_tasks_wsgi_server_gunicorn.yaml,24,0,0,1,1,0,0,0,0,0,0,1,0.5,2,0,0,0,0,0,0,0,0,0,0,0,,23,0,0,0,1,0,5,1,0,0,,,,,,,,,,0,0,69,1,0.5,2,1,0.5,2,5,1,,1
,6,0,0,0,0,2,-6.07,dev-sec__ansible-os-hardening__a9095928acc9811bc9b42708216981148a58d898__tasks_sysctl.yml,34,0,0,0,18,1,9,0,0,0,0,2,0.22,0,0,0,0,0,0,0,0,0,0,0,0,,34,0,7,2,4,0,7,0.78,2,0.22,,,,,,,,,,0,0,167,0,0,7,7,1,5,7,0.78,,1
,11,0,0,1,0.05,2,-4.99,openfun__arnold__ce20699e8183fea3f953fa9e4f6ed0d7a384134c__tasks_deploy_patch_route.yml,19,0,0,0,10,0,4,0,0,0,0,2,1,2,0,0,0,0,0,0,0,0,0,0,0,,19,0,2,2,0,0,0,0,2,1,,,,,,,,,,0,0,92,0,0,2,2,1,5,2,1,,1
,7,0,0,19,0.3,2,-6.49,iiab__iiab__6f73ebc64f6d521103c6a13bf08fd7829507e949__roles_calibre_tasks_main.yml,64,0,0,0,23,0,4,0,0,0,0,2,0.17,0,0,0,0,0,0,0,0,0,0,3,0,,68,0,8,2,6,0,12,1,0,0,,,,,,,,,,0,0,231,0,0,10,10,1,12,10,0.83,,1
,5,0,0,4,0.05,2,-6.18,ceph__ceph-ansible__6d506dba1a6fb3a827460d3a7090517cf3241c39__roles_ceph-osd_tasks_main.yml,85,0,0,0,27,0,18,0,0,0,0,4,0.19,4,0,0,0,0,0,0,0,0,0,12,0,,62,0,6,2,4,0,19,1,0,0,,,,,,,,,,0,0,238,0,0,17,17,1,6,19,1,,1
,6,0,0,5,0.22,2,-5.87,elastic__ansible-elasticsearch__40fd3516c45539bd7273cad881633e913d69023a__tasks_elasticsearch-plugins.yml,23,0,0,0,11,2,2,0,0,0,0,2,0.33,0,0,0,1,1,0,0,0,0,0,0,0,,23,0,1,2,3,0,3,1,0,0,,,,,,,,,,0,0,104,1,0.25,4,3,0.75,10,3,1,,1
,4,0,0,0,0,1,-6.01,DavidWittman__ansible-redis__53a6c20bcbfed583f3d55f64d704ede613373654__tasks_install.yml,58,0,0,0,19,3,7,0,0,0,0,3,0.18,0,0,0,0,0,0,0,0,0,0,0,0,,40,0,2,3,10,0,14,1,0,0,,,,,,,,,,0,1,197,0,0,14,12,0.86,6,12,0.86,,1
,2,0,0,0,0,1,-4.66,gc3-uzh-ch__elasticluster__7a2db5deda728079d1ce534f2acdcf9659add926__tasks_elasticsearch-scripts.yml,8,0,0,0,6,0,2,0,0,0,0,0,0,0,0,0,0,0,0,0,0,0,0,0,0,,8,0,0,0,3,0,2,1,0,0,,,,,,,,,,0,0,45,2,0.5,4,2,0.5,6,2,1,,1
,4,0,0,1,0.04,2,-5.38,CSCfi__fgci-ansible__4096f71c5fabe7a5bf42f308dc7ce8e3cdf4efe1__roles_provision_vm_tasks_main.yml,27,0,0,0,15,2,0,1,1,0,0,3,0.3,0,0,0,0,0,0,0,0,0,0,0,0,,28,0,0,0,4,0,7,1,0,0,,,,,,,,,,0,0,125,0,0,7,7,1,4,7,1,,1
,7,0,0,0,0,2,-5.81,willshersystems__ansible-sshd__c7cf019326c96b15ccee3b7bf4e14ff0bb894cf0__tasks_main.yml,50,0,0,0,14,0,2,0,0,0,0,2,0.25,0,0,0,0,0,0,0,0,0,0,0,1,,37,0,1,2,6,0,7,0.88,1,0.12,,,,,,,,,,0,0,128,0,0,7,7,1,12,8,1,,1
,6,1,0.11,1,0.11,1,-4.83,elastic__ansible-elasticsearch__2c69fbcb405c09b1912db19056480ab23b0a5444__handlers_main.yml,9,0,0,0,11,1,2,0,0,0,0,0,0,1,0,0,0,0,0,0,0,0,0,0,0,,6,0,7,0,2,0,2,1,0,0,,,,,,,,,,0,0,40,0,0,2,2,1,2,2,1,,1
,3,0,0,0,0,2,-6.21,jaywink__ansible-letsencrypt__2db1c5ae981b8940539e53e7acf90cb1f8d3b4e7__tasks_cert.yaml,29,0,0,0,23,0,7,1,1,0,0,2,0.15,2,0,0,2,2,0,0,0,0,0,0,0,,29,0,9,2,5,0,3,1,0,0,,,,,,,,,,0,1,129,8,0.73,11,3,0.27,14,3,1,,1
39,8,0,0,0,0,3,-6,ceph__ceph-ansible__29f2c953b44041d0fe2119d3433b0e8cdcbe6470__infrastructure-playbooks_gather-ceph-logs.yml,38,0,0,0,6,0,0,0,0,0,0,2,0.5,0,0,0,0,0,0,0,0,0,0,0,0,0,23,0,0,2,2,0,2,0.67,1,0.33,1,1,1,0,0,0,2,0,0,0,1,89,0,0,3,3,1,5,3,1,0,1
,4,0,0,3,0.04,2,-4.89,dev-sec__ansible-ssh-hardening__faad68071e4df768fc2040eb7721238daa462553__tasks_crypto.yml,72,0,0,0,57,0,36,0,0,0,0,0,0,0,0,0,0,0,0,0,0,0,0,0,0,,72,0,42,0,1,0,18,1,0,0,,,,,,,,,,0,0,338,0,0,18,12,0.67,18,12,0.67,,1
,5,0,0,0,0,2,-6.21,iiab__iiab__7b929140195f5fc1217dfa6779e6f6e81d809fd2__roles_vnstat_tasks_main.yml,34,0,0,0,7,0,2,0,0,0,0,2,0.25,0,0,0,0,0,0,0,0,0,0,0,0,,24,0,1,2,5,0,6,1,0,0,,,,,,,,,,0,2,134,0,0,6,6,1,8,6,1,,1
28,,0,0,0,0,2,-5.23,CSCfi__fgci-ansible__4096f71c5fabe7a5bf42f308dc7ce8e3cdf4efe1__admin.yml,28,,,,7,,7,0,0,,,,,0,,,0,,,,,,,,,0,36,0,5,,,0,2,1,0,0,2,0,0,2,1,0,0,13,0,0,,108,,,,,,,2,1,0,1
,4,0,0,1,0.03,2,-5.32,CentOS-PaaS-SIG__linchpin__d27e46245f0cd829f6c98a4cde29ea2c745e32f1__linchpin_provision_roles_inventory_gen_tasks_main.yml,29,0,0,0,13,0,4,0,0,0,0,0,0,4,0,0,0,0,0,0,0,0,0,0,0,,27,0,2,0,2,0,5,0.71,2,0.29,,,,,,,,,,0,0,120,0,0,7,7,1,7,7,1,,1
,5,0,0,0,0,2,-6.2,iiab__iiab__23990aa939bf62e91cfec2a203d8073ed4ab8374__roles_dokuwiki_tasks_install.yml,40,0,0,0,16,0,1,0,0,0,0,0,0,0,0,0,0,0,0,0,0,0,0,0,0,,40,0,3,0,6,0,8,0.89,1,0.11,,,,,,,,,,0,1,151,0,0,8,8,1,7,9,1,,1
22,5,0,0,1,0.02,3,-6.15,ansible-ThoTeam__nexus3-oss__fb558b94ed9a8daeacd2b314a99610d3feefb124__molecule_sync-nexus-package.yml,41,0,0,0,11,0,0,0,0,0,0,0,0,2,0,0,0,0,0,0,0,0,0,0,1,0,41,3,0,0,5,0,8,1,0,0,2,0,0,2,1,3,1,0,0,0,0,155,0,0,6,6,1,5,8,1,3,1
,6,0,0,6,0.02,3,-7.32,ansible-ThoTeam__nexus3-oss__fb558b94ed9a8daeacd2b314a99610d3feefb124__tasks_nexus_install.yml,314,0,0,2,96,1,21,1,1,0,0,6,0.11,3,0,0,0,0,0,0,0,0,0,1,0,,283,0,1,4,15,0,47,0.9,5,0.1,,,,,,,,,,0,1,1012,4,0.08,49,41,0.84,31,48,0.92,,1
,102,0,0,0,0,4,-6.03,oVirt__ovirt-ansible__180733a6f13e79bf0ef3b9983978be47bfb20498__roles_ovirt-vm-infra_tasks_main.yml,102,1,1,1,43,0,2,0,0,0,0,2,1,19,0,0,0,0,0,0,0,0,1,0,0,,87,0,1,5,0,0,9,0.75,3,0.25,,,,,,,,,,0,0,318,1,1,1,0,0,33,12,1,,1
,5,0,0,0,0,2,-5.49,roots__trellis__e1e3b77a7685d64d2db6cc80acdd8d130abd5284__roles_wordpress-setup_tasks_main.yml,28,0,0,0,12,0,1,0,0,0,0,3,0.33,1,0,0,0,0,0,0,0,3,0,0,0,,28,0,2,3,3,0,3,0.75,1,0.25,,,,,,,,,,0,0,101,3,0.5,6,3,0.5,5,4,1,,1
,18,0,0,69,0.03,4,-8.77,MindPointGroup__RHEL7-STIG__2f21696f329af5d6ff3d31124adf901f97dc34a7__tasks_fix-cat2.yml,2225,0,0,29,457,27,58,1,4,0,0,45,0.29,72,0,0,0,0,0,0,0,0,0,4,0,,1733,0,21,50,14,0,240,0.95,12,0.05,,,,,,,,,,7,1,9454,7,0.05,141,132,0.94,143,208,0.83,,1
,5,0,0,4,0.06,2,-6.17,iiab__iiab__5862a413e45511fe10d8f8472cdc0c01005ee36b__roles_network_tasks_restart.yml,62,0,0,0,29,1,9,1,1,0,0,0,0,2,0,0,0,0,0,0,0,0,0,0,0,,62,0,12,0,3,0,18,0.75,6,0.25,,,,,,,,,,0,3,252,0,0,14,14,1,6,18,0.75,,1
,9,0,0,2,0.11,2,-5.05,nusenu__ansible-relayor__dc73f16743fa376672b427980c6ca044dd6fa68a__tasks_linux_service.yml,18,0,0,0,6,0,1,0,0,0,0,2,0.5,0,0,0,0,0,0,0,0,0,0,0,0,,15,0,0,2,1,0,2,0.5,2,0.5,,,,,,,,,,0,0,61,0,0,2,2,1,7,4,1,,1
,7,0,0,0,0,2,-5.43,roots__trellis__91ea970c70dc59aaa13d0346f1cd1da689f843a0__roles_wordpress-setup_tasks_nginx.yml,34,0,0,0,17,0,2,0,0,0,0,4,0.44,2,0,0,0,0,0,0,0,0,0,0,0,,34,0,2,4,3,0,5,1,0,0,,,,,,,,,,0,0,129,0,0,5,5,1,7,5,1,,1
,2,0,0,0,0,1,-4.11,elastic__ansible-elasticsearch__40fd3516c45539bd7273cad881633e913d69023a__tasks_main.yml,15,0,0,0,4,0,1,0,0,0,0,0,0,0,0,0,0,0,0,0,0,8,0,0,1,,15,0,0,0,3,0,2,1,0,0,,,,,,,,,,0,0,33,8,0.8,10,2,0.2,1,2,1,,1
,8,0,0,0,0,2,-4.71,StackStorm__ansible-st2__32566695905cb92a4a975eba01e564702554b2fd__roles_mongodb_tasks_mongodb_yum.yaml,27,0,0,0,0,0,0,0,0,0,0,0,0,0,0,0,0,0,0,0,0,1,0,0,0,,26,0,0,0,4,0,5,1,0,0,,,,,,,,,,0,0,65,1,0.25,4,3,0.75,0,5,1,,1
16,4,0,0,0,0,2,-4.79,dev-sec__ansible-ssh-hardening__86b7301fd9763d46900f732b2ad73c35ac51b840__default.yml,16,0,0,0,2,0,0,0,0,0,0,2,0.4,0,0,0,0,2,0,0,0,0,0,0,0,0,11,0,0,2,3,0,1,1,0,0,1,0,0,1,1,0,0,1,0,0,0,35,3,1,3,0,0,1,1,1,0,1
,6,0,0,3,0.04,2,-5.87,nusenu__ansible-relayor__2a8ca91248bb834daaa8c35f709d6f8158d81a38__tasks_main.yml,72,0,0,0,11,0,7,0,0,0,0,1,0.07,1,0,0,0,0,0,0,0,9,0,0,1,,42,0,0,1,5,0,3,0.75,1,0.25,,,,,,,,,,0,0,152,10,0.77,13,3,0.23,4,4,1,,1
,2,0,0,3,0.5,1,-3.84,atosatto__ansible-dockerswarm__3d3edc06b5c34f77f6712f2884f2180743e00ccd__tasks_main.yml,6,0,0,0,3,0,2,0,0,0,0,0,0,0,0,0,0,0,0,0,0,2,0,0,1,,6,0,2,0,2,0,1,1,0,0,,,,,,,,,,0,0,18,2,0.67,3,1,0.33,1,1,1,,1
,8,0,0,0,0,2,-5.69,willshersystems__ansible-sshd__b2ce7324502c0950a19e581727bdff4fe2f5e765__tasks_main.yml,48,0,0,0,16,0,3,0,0,0,0,2,0.29,0,0,0,0,0,0,0,0,0,0,0,1,,34,0,1,2,5,0,6,0.86,1,0.14,,,,,,,,,,0,0,126,0,0,6,6,1,13,7,1,,1
,5,0,0,0,0,2,-5.45,cloudalchemy__ansible-grafana__efa8062ef4db207e8036e77ce85a85275a7f4cb6__tasks_main.yml,53,0,0,0,12,0,4,0,0,0,0,1,0.08,8,0,0,0,0,0,0,0,8,0,0,1,,34,0,0,1,4,0,3,1,0,0,,,,,,,,,,0,0,139,8,0.73,11,3,0.27,7,3,1,,1
,5,0,0,11,0.11,2,-7.09,iiab__iiab__04c6102485196ad8be5c22ce2131c27beff91c22__roles_1-prep_tasks_main.yml,101,0,0,0,21,3,8,0,0,0,0,0,0,0,0,0,0,2,0,0,0,0,3,1,0,,98,0,9,0,13,0,27,0.96,1,0.04,,,,,,,,,,3,3,348,1,0.05,22,21,0.95,12,28,1,,1
96,13,0,0,0,0,3,-6.15,ansible__molecule__467cb2bf3518af81bd0808a70facd9923f1f449d__molecule_provisioner_ansible_playbooks_docker_create.yml,85,0,0,0,59,0,7,0,0,0,0,8,0.57,32,0,0,0,0,0,0,0,0,0,0,0,0,80,0,4,7,6,0,8,0.67,4,0.33,1,0,0,1,1,0,4,0,0,0,0,391,0,0,7,7,1,41,12,1,0,1
,5,0,0,0,0,2,-5.5,EMCECS__ECS-CommunityEdition__4d2adf16d7b306d2ed56d6dd818aa92dba407e4a__ui_ansible_roles_installer_build_cache_tasks_main.yml,19,0,0,0,15,0,9,1,2,0,0,2,0.33,0,0,0,0,0,0,0,0,0,0,0,1,,19,0,6,2,3,0,3,1,0,0,,,,,,,,,,0,2,121,1,0.25,4,3,0.75,11,3,1,,1
,9,0,0,1,0.01,2,-6.03,sensu__sensu-ansible__b5ac426f19faf556e958973b9c4744c14e83422f__tasks_plugins.yml,103,0,0,0,44,2,9,0,0,0,0,1,0.08,6,0,0,0,0,0,0,0,0,0,0,1,,85,0,2,5,6,0,12,1,0,0,,,,,,,,,,0,1,339,0,0,12,12,1,10,12,1,,1
4,,0,0,0,0,2,-2.81,lean-delivery__ansible-role-java__74eaa6cce5826620ae704a450db1d56f15cc48c3__molecule_cloud-aws-windows-12_playbook.yml,4,,,,0,,0,0,0,,,,,0,,,0,,,,,,,,,0,4,0,0,,,0,1,1,0,0,1,0,0,1,1,0,0,1,0,0,,7,,,,,,,1,1,0,1
,6,0,0,5,0.03,2,-6.83,RocketChat__Rocket.Chat.Ansible__756fd44f82df251dd028e09e94f6b25c839f5a2b__tasks_main.yml,169,0,0,0,52,0,9,1,1,0,0,2,0.06,2,0,0,0,0,0,0,0,4,0,0,2,,151,0,1,2,17,0,26,0.9,3,0.1,,,,,,,,,,0,2,538,7,0.24,29,22,0.76,23,27,0.93,,1
46,10,0,0,5,0.11,4,-5.39,ansible__molecule__fa7ff1c28979421e1631a8bc6b8827c2a906c17f__molecule_provisioner_ansible_playbooks_vagrant_create.yml,44,0,0,0,27,0,0,0,0,0,0,3,0.5,17,0,0,0,0,0,0,0,0,0,0,0,0,44,0,0,2,2,0,5,1,0,0,1,0,0,1,1,0,2,0,0,0,0,185,0,0,4,4,1,26,5,1,0,1
,8,0,0,0,0,2,-4.59,lae__ansible-role-netbox__ab7e407f6c441110f68417b7071f50c2a3785197__tasks_install_via_stable.yml,17,0,0,0,9,0,0,0,0,0,0,0,0,0,0,0,0,0,0,0,0,0,0,0,0,,16,0,0,0,2,0,2,1,0,0,,,,,,,,,,0,0,60,0,0,2,2,1,6,2,1,,1
,4,0,0,0,0,2,-5.64,iiab__iiab__e74cc9e241c4f04c0993ee5f4d01616786b6edc8__roles_network_tasks_dhcpd.yml,40,0,0,0,8,1,1,0,0,0,0,1,0.12,0,0,0,0,0,0,0,0,0,0,0,0,,26,0,1,1,6,0,7,1,0,0,,,,,,,,,,0,0,93,0,0,7,5,0.71,4,5,0.71,,1
8,4,0,0,25,3.12,2,-4.63,dell__redfish-ansible-module__1f08c022b97b8fe20dc3b03ba3ff5ce0a3fd39a1__power.yml,8,0,0,0,1,0,0,0,0,0,0,0,0,0,0,0,0,0,0,0,0,0,0,0,0,0,6,0,0,0,0,0,2,1,0,0,1,0,0,1,1,0,0,0,0,0,0,29,0,0,1,1,1,3,2,1,0,1
,7,0,0,0,0,2,-6.37,redhat-cop__casl-ansible__03780b71cc067e190ffcde2016dc4434aa1fc0b2__roles_openshift-applier_tasks_process-one-entry.yml,104,0,0,0,35,1,15,0,0,0,0,2,0.12,10,0,0,0,1,0,0,2,2,0,0,0,,74,0,1,2,7,0,12,0.86,2,0.14,,,,,,,,,,0,1,390,0,0,14,14,1,24,14,1,,1
,5,0,0,0,0,2,-3.28,willshersystems__ansible-sshd__b2ce7324502c0950a19e581727bdff4fe2f5e765__handlers_main.yml,5,0,0,0,2,0,0,0,0,0,0,0,0,0,0,0,0,0,0,0,0,0,0,0,0,,5,0,0,0,1,0,1,0.5,1,0.5,,,,,,,,,,0,0,11,0,0,1,1,1,1,2,1,,1
61,7,0,0,0,0,3,-6.01,dell__redfish-ansible-module__074b13ca70c57d26b0dea9458f179c84f2878f8c__playbooks_firmware_update.yml,62,0,0,0,10,0,2,0,0,0,0,2,0.33,3,0,0,0,1,0,0,0,0,0,0,0,0,47,0,0,2,3,0,9,1,0,0,1,0,0,1,1,0,4,0,0,0,1,150,0,0,8,8,1,10,9,1,0,1
,7,0,0,10,0.03,2,-7.5,angstwad__docker.ubuntu__8f05bd16929ac7d26d6cd08ef4a5b44811a5dd7d__tasks_main.yml,299,0,0,0,114,1,31,0,0,0,0,5,0.1,8,0,0,10,2,0,0,0,1,0,0,1,,270,0,24,5,20,0,49,0.89,6,0.11,,,,,,,,,,0,1,1056,2,0.05,44,40,0.91,42,49,0.89,,1
,3,0,0,0,0,1,-5,dev-sec__ansible-os-hardening__a9095928acc9811bc9b42708216981148a58d898__tasks_rhosts.yml,10,0,0,0,2,1,0,1,1,0,0,2,0.4,0,0,0,0,0,0,0,0,0,0,0,0,,10,0,0,1,2,0,3,1,0,0,,,,,,,,,,0,0,53,0,0,3,3,1,3,3,1,,1
,4,0,0,3,0.15,2,-5.01,CentOS-PaaS-SIG__linchpin__b36243d581d4fe7f52ac6407b738cc72c36d68f1__linchpin_provision_roles_duffy_tasks_main.yml,20,0,0,0,7,0,3,0,0,0,0,2,0.29,0,0,0,0,0,0,0,0,2,0,0,0,,18,0,0,2,3,0,5,1,0,0,,,,,,,,,,0,0,63,0,0,5,5,1,5,5,1,,1
,7,0,0,0,0,2,-5.44,ceph__ceph-ansible__638604929b2105c1c224a2858df90d976f91761e__roles_ceph-container-common_tasks_pre_requisites_debian_prerequisites.yml,18,0,0,0,2,0,0,0,0,0,0,0,0,2,0,0,0,0,0,0,0,0,0,0,0,,18,0,0,0,3,0,12,1,0,0,,,,,,,,,,0,0,70,0,0,4,4,1,3,12,1,,1
,7,0,0,0,0,2,-6.39,dev-sec__ansible-os-hardening__7a6b1f7d66580a8dfd4ec6f7e278235bd29fcfb7__tasks_sysctl.yml,62,0,0,0,25,1,13,0,0,0,0,2,0.18,1,0,0,0,0,0,0,0,0,0,0,0,,60,0,11,2,6,0,10,0.83,2,0.17,,,,,,,,,,0,0,234,0,0,9,9,1,5,10,0.83,,1
,4,0,0,4,0.14,3,-5.32,CentOS-PaaS-SIG__linchpin__6d26f1b721e9b2697b795229e29bd59d1cf3a74d__provision_roles_inventory_gen_tasks_main.yml,28,0,0,0,18,0,6,0,0,0,0,0,0,3,0,0,0,0,0,0,0,0,0,0,2,,28,0,3,0,4,0,6,1,0,0,,,,,,,,,,0,0,120,1,0.14,7,6,0.86,12,6,1,,1
,9,0,0,1,0.03,2,-5.53,Oefenweb__ansible-percona-server__31266d1d780198a0575f3a1d18653d73a520787f__tasks_repository.yml,36,0,0,0,7,0,3,0,0,0,0,2,0.33,2,0,0,0,0,0,0,0,0,0,0,0,,30,0,1,2,4,0,4,0.8,1,0.2,,,,,,,,,,0,0,97,0,0,4,4,1,7,5,1,,1
,7,0,0,0,0,2,-5.19,StackStorm__ansible-st2__99bc80bfd73d695f2a576a3a4be437d481197469__roles_nginx_tasks_main.yml,28,0,0,0,3,0,0,0,0,0,0,1,0.2,0,0,0,0,0,0,0,0,1,0,0,0,,26,0,0,1,4,0,4,0.8,1,0.2,,,,,,,,,,0,0,72,0,0,4,4,1,3,5,1,,1
,4,0,0,0,0,2,-6.07,elastic__ansible-elasticsearch__2c69fbcb405c09b1912db19056480ab23b0a5444__tasks_elasticsearch-Debian.yml,29,0,0,0,17,0,2,0,0,0,0,1,0.1,0,0,0,5,0,0,0,0,1,0,0,0,,31,0,3,1,6,0,7,1,0,0,,,,,,,,,,0,0,159,2,0.22,9,7,0.78,11,7,1,,1
,8,0,0,0,0,2,-5.57,EMCECS__ECS-CommunityEdition__9a0b67c823e5f4e41deb12b4f67d5186f4c1e01c__ui_ansible_roles_installer_build_cache_tasks_main.yml,29,0,0,0,23,0,18,1,2,0,0,2,0.33,0,0,0,0,0,0,0,0,0,0,0,1,,23,0,12,2,3,0,3,1,0,0,,,,,,,,,,0,2,167,1,0.25,4,3,0.75,11,3,1,,1
,10,0,0,0,0,2,-5.39,cloudalchemy__ansible-grafana__df5655e3b80d85c762f603ed24370dff196bcd48__tasks_datasources.yml,30,0,0,0,10,0,1,0,0,0,0,1,0.25,2,0,0,0,0,0,0,0,0,0,0,0,,27,0,0,1,2,0,3,1,0,0,,,,,,,,,,0,0,93,0,0,3,3,1,6,3,1,,1
,7,0,0,0,0,1,-4.8,geerlingguy__drupal-vm__e712f1f6449f3aa3abbd189f7dd803a1d104c335__provisioning_roles_geerlingguy.php-pecl_tasks_main.yml,6,0,0,0,2,0,0,0,0,0,0,1,0.5,1,0,0,0,0,0,0,0,0,0,0,0,,6,0,0,1,1,0,1,1,0,0,,,,,,,,,,0,1,35,0,0,1,1,1,4,1,1,,1
,8,0,0,2,0.06,2,-5.88,ansiblebit__oracle-java__e82a4e37473cbcc355d863d7c051fdd95635148e__tasks_redhat_main.yml,34,0,0,0,14,0,3,1,1,0,0,4,0.5,0,0,0,0,0,0,0,0,1,0,0,0,,29,0,5,1,4,0,4,1,0,0,,,,,,,,,,0,1,120,0,0,4,4,1,8,4,1,,1
,8,0,0,0,0,1,-4.42,StackStorm__ansible-st2__5358dd4bf8af157d2b22f22022cb2fb9dcfebbf4__roles_postgresql_tasks_main.yml,8,0,0,0,6,0,2,0,0,0,0,0,0,0,0,0,0,0,0,0,0,2,0,0,0,,8,0,0,0,1,0,0,0,2,1,,,,,,,,,,0,0,42,0,0,2,0,0,3,0,0,,1
,10,0,0,0,0,2,-5.6,gantsign__ansible-role-visual-studio-code__b268e1217f6f3df3825fee71a9d727b5616b51c9__tasks_install-extensions.yml,48,0,0,0,11,1,2,0,0,0,0,3,0.38,0,0,0,0,0,0,0,0,0,0,0,0,,38,0,0,3,4,0,10,1,0,0,,,,,,,,,,0,0,125,0,0,5,5,1,4,10,1,,1
,6,0,0,0,0,2,-5.41,nginxinc__ansible-role-nginx__ae27bdcbed8bca74290eb8995cc82bdf4b920ca5__tasks_conf_push-config.yml,48,0,0,0,15,0,0,0,0,0,0,2,0.2,0,0,0,0,0,0,0,0,0,0,0,0,,46,0,2,2,3,0,8,1,0,0,,,,,,,,,,0,0,167,0,0,8,8,1,5,8,1,,1
,6,0,0,0,0,3,-6.22,lae__ansible-role-netbox__323de2d9e686babb9557b49848180eda05834f5c__tasks_deploy_netbox.yml,73,0,0,1,27,0,3,0,0,0,0,2,0.15,1,0,0,6,0,0,0,0,2,0,0,0,,64,0,2,1,6,0,12,1,0,0,,,,,,,,,,0,1,254,3,0.25,12,9,0.75,10,12,1,,1
195,4,0,0,4,0.03,3,-6.46,geerlingguy__drupal-vm__d4d2f0c74c23ff76b850f6fdb0edf0a8897cf494__provisioning_playbook.yml,131,0,0,0,66,0,47,0,0,0,0,8,0.28,7,0,0,0,0,0,0,0,12,1,0,2,0,159,1,8,5,6,0,9,1,0,0,1,1,1,0,0,0,0,39,0,0,0,515,12,0.57,21,9,0.43,14,9,1,0,1
,6,0,0,6,0.07,2,-6.18,gc3-uzh-ch__elasticluster__c9a6d08dc4ac4d1b909f0fe059a12472b06e2f0b__elasticluster_share_playbooks_roles_slurm-common_tasks_main.yml,91,0,0,0,12,0,0,0,0,0,0,4,0.25,0,0,0,0,0,0,0,0,2,0,0,0,,47,0,0,4,7,0,10,0.91,1,0.09,,,,,,,,,,0,0,158,1,0.08,12,11,0.92,5,11,1,,1
,3,0,0,0,0,2,-5.88,roots__trellis__fd9a69db297c650f0b7b3de5d6221b01330164ad__roles_deploy_tasks_prepare.yml,25,0,0,0,12,1,4,0,0,0,0,1,0.11,2,0,0,0,0,0,0,0,2,0,0,0,,25,0,2,1,6,0,6,1,0,0,,,,,,,,,,0,1,138,2,0.25,8,6,0.75,9,6,1,,1
6,4,0,0,0,0,2,-4,StackStorm__ansible-st2__74cd767494ea34a918ec440a378e98fa6d302cb5__playbooks_requirements.yml,6,0,0,0,0,1,0,0,0,0,0,0,0,0,0,0,0,0,0,0,0,0,0,0,0,0,6,0,0,0,1,0,1,1,0,0,1,1,1,0,0,0,0,0,0,0,0,16,0,0,1,1,1,0,1,1,0,1
,7,0,0,0,0,2,-4.14,lean-delivery__ansible-role-java__14c4f1d4166678f8bc2c26eaf5ee2253fbb078de__tasks_Win32NT_install_package.yml,7,0,0,0,4,0,0,0,0,0,0,0,0,0,0,0,0,0,0,0,0,0,0,0,0,,7,0,0,0,1,0,1,1,0,0,,,,,,,,,,0,0,28,0,0,1,1,1,4,1,1,,1
,5,0,0,8,0.17,2,-6.18,elastic__ansible-elasticsearch__0676799d1c0d4d99fbbea236eedd9d327b7c94d0__tasks_xpack_security_elasticsearch-security-file.yml,47,0,0,0,33,3,6,0,0,0,0,3,0.21,7,0,0,0,0,0,0,0,0,0,0,0,,44,0,5,3,5,0,7,1,0,0,,,,,,,,,,0,1,196,4,0.36,11,7,0.64,16,7,1,,1
,8,0,0,1,0.03,2,-5.29,dev-sec__ansible-os-hardening__e71fce90154cd7ca18b4ff201a85850f27e126fd__tasks_minimize_access.yml,30,0,0,0,8,0,1,0,0,0,0,0,0,0,0,0,0,0,0,0,0,0,0,1,0,,23,0,0,1,2,0,3,1,0,0,,,,,,,,,,0,0,94,1,0.25,4,3,0.75,7,3,1,,1
,10,0,0,13,0.08,1,-6.52,nusenu__ansible-relayor__72a9fefcabb6edccd82abb23946bd305035db334__tasks_configure.yml,161,0,0,0,26,0,10,0,0,0,0,25,0.64,5,0,0,0,1,0,0,0,0,0,0,0,,77,0,3,11,4,0,14,1,0,0,,,,,,,,,,0,3,456,0,0,14,14,1,15,14,1,,1
,9,0,0,4,0.05,3,-7.11,dev-sec__ansible-ssh-hardening__dfcade9159ce18caf161f453142467a8cad3ee34__tasks_main.yml,81,0,0,1,32,1,12,0,0,0,0,2,0.17,0,0,0,0,0,0,0,0,0,0,0,1,,72,0,6,3,5,0,19,1,0,0,,,,,,,,,,0,3,396,1,0.09,11,7,0.64,13,16,0.84,,1
,5,0,0,3,0.02,2,-5.58,florianutz__Ubuntu1604-CIS__ed8ea1d93c131c7146684751d8eec20b96b4e42c__tasks_prelim.yml,175,0,0,0,6,3,0,0,0,0,0,0,0,4,0,0,0,0,0,0,0,0,0,0,0,,173,0,0,0,3,0,34,0.94,2,0.06,,,,,,,,,,0,28,860,0,0,34,34,1,36,36,1,,1
,10,0,0,2,0.1,2,-5.05,anthcourtney__ansible-role-cis-amazon-linux__31e7e59aed6155cc3ed6765b81289a65a35ba715__tasks_level-1_5.5.yml,20,0,0,0,1,0,0,0,0,0,0,0,0,0,0,0,0,0,0,0,0,0,0,0,0,,12,0,0,0,1,0,2,1,0,0,,,,,,,,,,0,0,53,0,0,2,2,1,1,2,1,,1
,7,0,0,1,0.01,2,-6.1,CentOS-PaaS-SIG__linchpin__ae522444d1ffe946097f82ed160dee9cb88e4ebb__linchpin_provision_roles_aws_tasks_teardown_resource_group.yml,77,0,0,0,35,0,9,0,0,0,0,7,0.44,4,0,0,0,2,0,0,0,4,0,0,0,,67,0,2,4,2,0,12,1,0,0,,,,,,,,,,0,0,282,0,0,12,10,0.83,21,10,0.83,,1
,6,0,0,0,0,2,-5.39,DataDog__ansible-datadog__36b4fa80f9046d3bd637ed0e9eb67c0ce604a3a2__tasks_agent6.yml,52,0,0,0,16,0,1,0,0,0,0,2,0.2,2,0,0,0,0,0,0,0,0,0,0,0,,52,0,1,2,3,0,10,1,0,0,,,,,,,,,,0,0,167,0,0,8,8,1,4,8,0.8,,1
,8,0,0,17,1.06,2,-4.46,iiab__iiab__5d07172a50fe0beabae14fc05f6702db7a36c228__roles_httpd_tasks_php-stem.yml,16,0,0,0,2,0,1,0,0,0,0,0,0,0,0,0,0,0,0,0,0,0,0,0,0,,16,0,1,0,1,0,2,1,0,0,,,,,,,,,,0,0,44,0,0,2,2,1,0,2,1,,1
,12,2,0.07,2,0.07,2,-5.24,StackStorm__ansible-st2__e42f58bc7e876fea3462e363d8ab780889ef000c__roles__st2_tasks_user.yml,29,0,0,0,9,0,0,0,0,0,0,4,0.57,0,0,0,2,0,0,0,0,0,0,0,0,,29,0,0,0,3,0,3,0.75,1,0.25,,,,,,,,,,0,0,104,0,0,3,3,1,4,4,1,,1
,11,0,0,1,0.01,4,-6.51,nuriel77__iri-playbook__859803b78ca7d063aed96f4b8022efe309540e8f__roles_monitoring_tasks_grafana.yml,117,0,0,2,28,0,3,0,0,0,0,2,0.18,3,0,0,0,0,0,0,0,0,0,0,0,,108,2,3,1,6,0,16,1,0,0,,,,,,,,,,0,0,343,0,0,11,11,1,10,16,1,,1
,6,0,0,1,0.01,2,-6.77,iiab__iiab__5862a413e45511fe10d8f8472cdc0c01005ee36b__roles_pbx_tasks_freepbx.yml,131,0,0,0,35,1,2,1,1,0,0,1,0.04,1,0,0,0,0,0,0,0,1,0,0,0,,127,0,2,1,14,0,19,0.7,8,0.3,,,,,,,,,,0,0,498,0,0,22,22,1,16,27,1,,1
,3,0,0,15,0.3,1,-5.91,elastic__ansible-elasticsearch__40fd3516c45539bd7273cad881633e913d69023a__tasks_elasticsearch-config.yml,50,0,0,0,29,0,4,0,0,0,0,0,0,5,0,0,0,0,0,0,0,0,0,0,0,,50,0,0,0,3,0,16,1,0,0,,,,,,,,,,0,0,296,6,0.27,22,14,0.64,19,14,0.88,,1
,7,0,0,1,0.05,2,-4.86,StackStorm__ansible-st2__284635055b4ad5e385a1baebea7ccc45d26c57f5__roles_st2repos_tasks_main.yml,20,0,0,0,3,0,0,0,0,0,0,1,0.25,2,0,0,0,0,0,0,0,0,0,0,0,,18,0,0,1,3,0,3,0.75,1,0.25,,,,,,,,,,0,0,53,0,0,3,3,1,4,4,1,,1
,4,0,0,21,0.54,2,-6.19,EMCECS__ECS-CommunityEdition__4d2adf16d7b306d2ed56d6dd818aa92dba407e4a__ui_ansible_roles_CentOS_7_baseline_install_tasks_main.yml,39,0,0,0,12,0,7,1,1,0,0,2,0.18,0,0,0,0,0,0,0,0,0,0,0,1,,35,0,4,2,6,0,8,1,0,0,,,,,,,,,,2,1,191,1,0.11,9,8,0.89,5,8,1,,1
